name;description;detail;mentorUuid;thumbnailUrl
1금융 대기업 IT 개발자 출신의 1대1 맞춤 자소서;안녕하세요!저는 외국계반도체회사 & 국민은행 IT 개발자로 근무 후 현재는 스타트업에서 성장하고 있는 IT현직자 희스터입니다.;<div class="css-0 e1y4fmav1"><img alt="상세이미지-0" src="https://d2v80xjmx68n4w.cloudfront.net/gigs/yi1yN1723374575.jpg?w=715" width="715" loading="lazy" class="css-4l2ynl e1y4fmav2"><img alt="상세이미지-1" src="https://d2v80xjmx68n4w.cloudfront.net/gigs/SUlLl1723374578.jpg?w=715" width="715" loading="lazy" class="css-4l2ynl e1y4fmav2"><img alt="상세이미지-2" src="https://d2v80xjmx68n4w.cloudfront.net/gigs/uYlH91723374581.jpg?w=715" width="715" loading="lazy" class="css-4l2ynl e1y4fmav2"><img alt="상세이미지-3" src="https://d2v80xjmx68n4w.cloudfront.net/gigs/Ip0RU1723374584.jpg?w=715" width="715" loading="lazy" class="css-4l2ynl e1y4fmav2"><img alt="상세이미지-4" src="https://d2v80xjmx68n4w.cloudfront.net/gigs/usMI71723374586.jpg?w=715" width="715" loading="lazy" class="css-4l2ynl e1y4fmav2"><img alt="상세이미지-5" src="https://d2v80xjmx68n4w.cloudfront.net/gigs/Y995a1723374589.jpg?w=715" width="715" loading="lazy" class="css-4l2ynl e1y4fmav2"><img alt="상세이미지-6" src="https://d2v80xjmx68n4w.cloudfront.net/gigs/fgTZE1723374593.jpg?w=715" width="715" loading="lazy" class="css-4l2ynl e1y4fmav2"><img alt="상세이미지-7" src="https://d2v80xjmx68n4w.cloudfront.net/gigs/ZrABc1723374595.jpg?w=715" width="715" loading="lazy" class="css-4l2ynl e1y4fmav2"><img alt="상세이미지-8" src="https://d2v80xjmx68n4w.cloudfront.net/gigs/JU7k91723374599.jpg?w=715" width="715" loading="lazy" class="css-4l2ynl e1y4fmav2"></div>;90691143-7dda-42e8-874e-33b826662685;https://d2v80xjmx68n4w.cloudfront.net/gigs/yuZg21722906539.jpg
N사 현직 IT 서비스 기획자의 자소서 멘토링;IT 서비스 기업은 업계 특성상 자기소개서 문항에서 업계에 대한 이해도 부족이 유난히 잘 드러나고, 그로 인해 서류 단계에서부터 탈락될 가능성이 높습니다. 풍부한 자기소개서 멘토링 경험을 가진 현직자 멘토링을 받아보세요.;<div class="css-0 e1y4fmav1"><img alt="상세이미지-0" src="https://d2v80xjmx68n4w.cloudfront.net/gigs/E2ghT1653402352.png?w=715" width="715" loading="lazy" class="css-4l2ynl e1y4fmav2"><img alt="상세이미지-1" src="https://d2v80xjmx68n4w.cloudfront.net/gigs/A2Bqt1653402355.png?w=715" width="715" loading="lazy" class="css-4l2ynl e1y4fmav2"></div>;447aaba8-e6f2-44eb-bc10-dd78ac234938;https://d2v80xjmx68n4w.cloudfront.net/gigs/lWoW71720848276.jpg
대기업 IT 직무 자기소개서 멘토링;만족도 100%의 자기소개서 첨삭 전문가 그룹, '자기소개소'입니다. 지원자의 역량, 경험을 최대한으로 보여줄 수 있는 자기소개서를 함께 만들어 나가고 있습니다.;<div class="css-0 e1y4fmav1"><img alt="상세이미지-0" src="https://d2v80xjmx68n4w.cloudfront.net/gigs/1J2H41682002165.png?w=715" width="715" loading="lazy" class="css-4l2ynl e1y4fmav2"><img alt="상세이미지-1" src="https://d2v80xjmx68n4w.cloudfront.net/gigs/CumaH1682002166.png?w=715" width="715" loading="lazy" class="css-4l2ynl e1y4fmav2"><img alt="상세이미지-2" src="https://d2v80xjmx68n4w.cloudfront.net/gigs/BHoNs1682002168.png?w=715" width="715" loading="lazy" class="css-4l2ynl e1y4fmav2"></div>;89e64528-fe69-4ec1-ae37-1747352800e6;https://d2v80xjmx68n4w.cloudfront.net/gigs/JAAe81682002189.jpg
금융IT 현직자 자소서 첨삭 - 핵심 KEYWORD;현직 금융권 대기업 IT 과장의 실 합격 자소서 및 실무컨셉 멘토링;<div class="css-0 e1y4fmav1"><img alt="상세이미지-0" src="https://d2v80xjmx68n4w.cloudfront.net/gigs/Vv1BX1689587745.JPG?w=715" width="715" loading="lazy" class="css-4l2ynl e1y4fmav2"><img alt="상세이미지-1" src="https://d2v80xjmx68n4w.cloudfront.net/gigs/nvWk51689587751.JPG?w=715" width="715" loading="lazy" class="css-4l2ynl e1y4fmav2"><img alt="상세이미지-2" src="https://d2v80xjmx68n4w.cloudfront.net/gigs/xsbjF1689674335.jpg?w=715" width="715" loading="lazy" class="css-4l2ynl e1y4fmav2"><img alt="상세이미지-3" src="https://d2v80xjmx68n4w.cloudfront.net/gigs/aOApA1689674335.jpg?w=715" width="715" loading="lazy" class="css-4l2ynl e1y4fmav2"><img alt="상세이미지-4" src="https://d2v80xjmx68n4w.cloudfront.net/gigs/0xs7o1689674335.jpg?w=715" width="715" loading="lazy" class="css-4l2ynl e1y4fmav2"><img alt="상세이미지-5" src="https://d2v80xjmx68n4w.cloudfront.net/gigs/3IJID1689674335.jpg?w=715" width="715" loading="lazy" class="css-4l2ynl e1y4fmav2"><img alt="상세이미지-6" src="https://d2v80xjmx68n4w.cloudfront.net/gigs/tWLu21689674336.jpg?w=715" width="715" loading="lazy" class="css-4l2ynl e1y4fmav2"><img alt="상세이미지-7" src="https://d2v80xjmx68n4w.cloudfront.net/gigs/Uu6Wc1689674358.jpg?w=715" width="715" loading="lazy" class="css-4l2ynl e1y4fmav2"></div>;67e846f6-79c9-4b4e-9df7-a8ef1859cf0f;https://d2v80xjmx68n4w.cloudfront.net/gigs/oUpeW1691070826.jpg
현직 대학 취업 멘토 / 합격 문자 받읍시다 - 자소서; “해외 통역사 인턴/국내 대기업 취업/외국계 대기업 취업”을 한 노하우 공유;<div class="css-0 e1y4fmav1"><img alt="상세이미지-0" src="https://d2v80xjmx68n4w.cloudfront.net/gigs/Z596U1726393419.png?w=715" width="715" loading="lazy" class="css-4l2ynl e1y4fmav2"><img alt="상세이미지-1" src="https://d2v80xjmx68n4w.cloudfront.net/gigs/EKZf31726393423.png?w=715" width="715" loading="lazy" class="css-4l2ynl e1y4fmav2"><img alt="상세이미지-2" src="https://d2v80xjmx68n4w.cloudfront.net/gigs/lzVXO1726393427.png?w=715" width="715" loading="lazy" class="css-4l2ynl e1y4fmav2"><img alt="상세이미지-3" src="https://d2v80xjmx68n4w.cloudfront.net/gigs/0DAnt1726393431.png?w=715" width="715" loading="lazy" class="css-4l2ynl e1y4fmav2"><img alt="상세이미지-4" src="https://d2v80xjmx68n4w.cloudfront.net/gigs/gaK4E1726393434.png?w=715" width="715" loading="lazy" class="css-4l2ynl e1y4fmav2"><img alt="상세이미지-5" src="https://d2v80xjmx68n4w.cloudfront.net/gigs/Ez3yF1726393436.png?w=715" width="715" loading="lazy" class="css-4l2ynl e1y4fmav2"><img alt="상세이미지-6" src="https://d2v80xjmx68n4w.cloudfront.net/gigs/1yGAj1726393441.png?w=715" width="715" loading="lazy" class="css-4l2ynl e1y4fmav2"><img alt="상세이미지-7" src="https://d2v80xjmx68n4w.cloudfront.net/gigs/58WHV1726393443.png?w=715" width="715" loading="lazy" class="css-4l2ynl e1y4fmav2"><img alt="상세이미지-8" src="https://d2v80xjmx68n4w.cloudfront.net/gigs/HvQcm1726393446.png?w=715" width="715" loading="lazy" class="css-4l2ynl e1y4fmav2"></div>;c4986d52-d021-43a4-83ed-9af13b61896f;https://d2v80xjmx68n4w.cloudfront.net/gigs/SpQYr1726393359.jpg
마케팅 직무 이력서 및 자기소개서 멘토링 전문;안녕하세요, 마케팅 에이전시에서 근무했던 마케터 입니다. 대외활동, 공모전 및 실무 경험을 살려 그동안의 경험이 더 돋보일 수 있게 도와드리겠습니다!;<div class="css-0 e1y4fmav1"><img alt="상세이미지-0" src="https://d2v80xjmx68n4w.cloudfront.net/gigs/GRDKc1731570679.png?w=715" width="715" loading="lazy" class="css-4l2ynl e1y4fmav2"><img alt="상세이미지-1" src="https://d2v80xjmx68n4w.cloudfront.net/gigs/oGZ191731570681.png?w=715" width="715" loading="lazy" class="css-4l2ynl e1y4fmav2"><img alt="상세이미지-2" src="https://d2v80xjmx68n4w.cloudfront.net/gigs/q4hcX1731570685.png?w=715" width="715" loading="lazy" class="css-4l2ynl e1y4fmav2"><img alt="상세이미지-3" src="https://d2v80xjmx68n4w.cloudfront.net/gigs/iePIt1731570688.png?w=715" width="715" loading="lazy" class="css-4l2ynl e1y4fmav2"></div>;86d56195-d2fc-417b-b588-aaf9e8ccebf9;https://d2v80xjmx68n4w.cloudfront.net/gigs/8n1rm1719795694.jpg
문과출신 대기업 현직자가 합격 자소서 멘토링 해드립니다.;현직 대기업 PM 직무로 근무하고 있습니다. 문과생으로 해냈던 취업 성공 경험을 바탕으로 컨설팅 서비스를 제공드립니다.;<div class="css-0 e1y4fmav1"><img alt="상세이미지-0" src="https://d2v80xjmx68n4w.cloudfront.net/gigs/nkXXy1730043451.PNG?w=715" width="715" loading="lazy" class="css-4l2ynl e1y4fmav2"><img alt="상세이미지-1" src="https://d2v80xjmx68n4w.cloudfront.net/gigs/uE92c1730043471.PNG?w=715" width="715" loading="lazy" class="css-4l2ynl e1y4fmav2"><img alt="상세이미지-2" src="https://d2v80xjmx68n4w.cloudfront.net/gigs/nAfkR1730044428.png?w=715" width="715" loading="lazy" class="css-4l2ynl e1y4fmav2"><img alt="상세이미지-3" src="https://d2v80xjmx68n4w.cloudfront.net/gigs/mU1wU1730044439.PNG?w=715" width="715" loading="lazy" class="css-4l2ynl e1y4fmav2"><img alt="상세이미지-4" src="https://d2v80xjmx68n4w.cloudfront.net/gigs/Invb71730044439.PNG?w=715" width="715" loading="lazy" class="css-4l2ynl e1y4fmav2"><img alt="상세이미지-5" src="https://d2v80xjmx68n4w.cloudfront.net/gigs/L7ZBj1730471584.PNG?w=715" width="715" loading="lazy" class="css-4l2ynl e1y4fmav2"><img alt="상세이미지-6" src="https://d2v80xjmx68n4w.cloudfront.net/gigs/l1Oyj1730471585.PNG?w=715" width="715" loading="lazy" class="css-4l2ynl e1y4fmav2"></div>;86500ead-721c-4e92-a7a6-fe09dfcfb890;https://d2v80xjmx68n4w.cloudfront.net/gigs/105fb1730043442.jpg
자소서 첨삭, 당신의 이야기로 합격시켜 드립니다.;입시 취업 컨설팅 <합격하소서> CEO;<div class="css-0 e1y4fmav1"><img alt="상세이미지-0" src="https://d2v80xjmx68n4w.cloudfront.net/gigs/rTJxY1594477907.png?w=715" width="715" loading="lazy" class="css-4l2ynl e1y4fmav2"><img alt="상세이미지-1" src="https://d2v80xjmx68n4w.cloudfront.net/gigs/BB9hu1594477907.png?w=715" width="715" loading="lazy" class="css-4l2ynl e1y4fmav2"><img alt="상세이미지-2" src="https://d2v80xjmx68n4w.cloudfront.net/gigs/qt2Dq1594477907.png?w=715" width="715" loading="lazy" class="css-4l2ynl e1y4fmav2"><img alt="상세이미지-3" src="https://d2v80xjmx68n4w.cloudfront.net/gigs/OGUGl1594477907.png?w=715" width="715" loading="lazy" class="css-4l2ynl e1y4fmav2"><img alt="상세이미지-4" src="https://d2v80xjmx68n4w.cloudfront.net/gigs/hEHWe1594477908.png?w=715" width="715" loading="lazy" class="css-4l2ynl e1y4fmav2"><img alt="상세이미지-5" src="https://d2v80xjmx68n4w.cloudfront.net/gigs/U3SmB1594477908.png?w=715" width="715" loading="lazy" class="css-4l2ynl e1y4fmav2"><img alt="상세이미지-6" src="https://d2v80xjmx68n4w.cloudfront.net/gigs/wuor81594477908.png?w=715" width="715" loading="lazy" class="css-4l2ynl e1y4fmav2"><img alt="상세이미지-7" src="https://d2v80xjmx68n4w.cloudfront.net/gigs/MAmIM1594477908.png?w=715" width="715" loading="lazy" class="css-4l2ynl e1y4fmav2"><img alt="상세이미지-8" src="https://d2v80xjmx68n4w.cloudfront.net/gigs/r4obE1594477909.png?w=715" width="715" loading="lazy" class="css-4l2ynl e1y4fmav2"></div>;38a5a845-a96d-4bba-85cf-0648cd77f8e4;https://d2v80xjmx68n4w.cloudfront.net/gigs/2mLUj1594831074.jpg
광고, 방송미디어, 콘텐츠, 엔터업계 전문 자소서 첨삭;브랜드/디지털/콘텐츠/미디어/퍼포먼스/CRM/그로스마케팅 경험 보유;<div class="css-0 e1y4fmav1"><img alt="상세이미지-0" src="https://d2v80xjmx68n4w.cloudfront.net/gigs/y4k6N1731255361.jpg?w=715" width="715" loading="lazy" class="css-4l2ynl e1y4fmav2"><img alt="상세이미지-1" src="https://d2v80xjmx68n4w.cloudfront.net/gigs/GE06p1731255575.jpg?w=715" width="715" loading="lazy" class="css-4l2ynl e1y4fmav2"><img alt="상세이미지-2" src="https://d2v80xjmx68n4w.cloudfront.net/gigs/wCbYH1731255581.jpg?w=715" width="715" loading="lazy" class="css-4l2ynl e1y4fmav2"><img alt="상세이미지-3" src="https://d2v80xjmx68n4w.cloudfront.net/gigs/eYbvJ1731255588.jpg?w=715" width="715" loading="lazy" class="css-4l2ynl e1y4fmav2"><img alt="상세이미지-4" src="https://d2v80xjmx68n4w.cloudfront.net/gigs/oM9OJ1731255595.jpg?w=715" width="715" loading="lazy" class="css-4l2ynl e1y4fmav2"><img alt="상세이미지-5" src="https://d2v80xjmx68n4w.cloudfront.net/gigs/oBJoo1731255602.png?w=715" width="715" loading="lazy" class="css-4l2ynl e1y4fmav2"><img alt="상세이미지-6" src="https://d2v80xjmx68n4w.cloudfront.net/gigs/wkaDu1731255607.png?w=715" width="715" loading="lazy" class="css-4l2ynl e1y4fmav2"><img alt="상세이미지-7" src="https://d2v80xjmx68n4w.cloudfront.net/gigs/w1oVp1732807739.jpg?w=715" width="715" loading="lazy" class="css-4l2ynl e1y4fmav2"><img alt="상세이미지-8" src="https://d2v80xjmx68n4w.cloudfront.net/gigs/neMbm1732807750.jpg?w=715" width="715" loading="lazy" class="css-4l2ynl e1y4fmav2"></div>;0d1e00f2-1d6f-4f98-bda5-58624f2a2876;https://d2v80xjmx68n4w.cloudfront.net/gigs/klgdy1731247775.jpg
현직 9년차 교육기업 마케터 자소서 멘토링;안녕하세요! 광고대행사 및 인하우스를 거쳐 교육기업에 재직 중인 9년차 마케터입니다. 이직을 많이 한 경험이 있는 만큼 누구보다 많은 이력서와 면접을 보며 노하우를 쌓았습니다, 이제 그 노하우를 취업, 이직을 희망하는 모든 마케터 분들께 전수하고 싶습니다!;<div class="css-0 e1y4fmav1"><img alt="상세이미지-0" src="https://d2v80xjmx68n4w.cloudfront.net/gigs/xCVWt1725690428.png?w=715" width="715" loading="lazy" class="css-4l2ynl e1y4fmav2"></div>;ce382813-a44e-4371-8ce0-30c54eeef61e;https://d2v80xjmx68n4w.cloudfront.net/gigs/yPbLe1725515013.jpg
무스펙 비전공자도 마케터로 취업하기;국내 메이저 언론사에 6년 이상 근무하고 있는 비전공자 마케터입니다.;<div><img alt="상세이미지-0" src="https://d2v80xjmx68n4w.cloudfront.net/gigs/7kmNN1665467314.jpg?w=715" width="715" loading="lazy"><img alt="상세이미지-1" src="https://d2v80xjmx68n4w.cloudfront.net/gigs/BFXEf1665467315.jpg?w=715" width="715" loading="lazy"><img alt="상세이미지-2" src="https://d2v80xjmx68n4w.cloudfront.net/gigs/INQCE1665467316.jpg?w=715" width="715" loading="lazy"><img alt="상세이미지-3" src="https://d2v80xjmx68n4w.cloudfront.net/gigs/QtZe01665467317.jpg?w=715" width="715" loading="lazy"><img alt="상세이미지-4" src="https://d2v80xjmx68n4w.cloudfront.net/gigs/NF78Y1665467317.jpg?w=715" width="715" loading="lazy"></div>;ec306976-68ba-441f-9f6e-46e80416b500;https://d2v80xjmx68n4w.cloudfront.net/gigs/mAj4B1665406873.jpg
국어교육과 전공+현직 인사팀장 자기소개서 멘토링;현재 서울시교육청 소속 교육공무직원으로 초등학교에서 근무하고 있습니다. 저와 함께 근무했던 단기 계약직 선생님들을 자소서 첨삭과 면접 코칭으로 교육청 공채에 합격할 수 있도록 도와주었습니다.;<div class="css-0 e1y4fmav1"><img alt="상세이미지-0" src="https://d2v80xjmx68n4w.cloudfront.net/gigs/wFGYB1668833371.jpg?w=715" width="715" loading="lazy" class="css-4l2ynl e1y4fmav2"><img alt="상세이미지-1" src="https://d2v80xjmx68n4w.cloudfront.net/gigs/7z3db1669702006.png?w=715" width="715" loading="lazy" class="css-4l2ynl e1y4fmav2"></div>;e02eba8f-605d-4112-b8b6-9af962f14dd0;https://d2v80xjmx68n4w.cloudfront.net/gigs/BT4Qq1669701983.jpg
취업멘토가 직접 합격한 17개 자소서 기반 멘토링;혼자가 아닌 함께하는 취업!  자소설메이트 대표 정영진입니다. - 취업,자소서,면접전문 블로그 운영 / 95만 회원 공기업 취업 네이버 카페 취업멘토;<div><img alt="상세이미지-0" src="https://d2v80xjmx68n4w.cloudfront.net/gigs/jyRiz1652941309.JPG?w=715" width="715" loading="lazy"><img alt="상세이미지-1" src="https://d2v80xjmx68n4w.cloudfront.net/gigs/i6Q1b1652941309.JPG?w=715" width="715" loading="lazy"><img alt="상세이미지-2" src="https://d2v80xjmx68n4w.cloudfront.net/gigs/cUh9K1652941309.JPG?w=715" width="715" loading="lazy"><img alt="상세이미지-3" src="https://d2v80xjmx68n4w.cloudfront.net/gigs/lpaR41653018326.JPG?w=715" width="715" loading="lazy"><img alt="상세이미지-4" src="https://d2v80xjmx68n4w.cloudfront.net/gigs/ieTHP1653018328.JPG?w=715" width="715" loading="lazy"></div>;86d56195-d2fc-417b-b588-aaf9e8ccebf9;https://d2v80xjmx68n4w.cloudfront.net/gigs/4tmSa1652939960.jpg
40대 무경력 주부가 교육공무직 합격한 비결;안녕하세요! 저는 학교에서 교무행정사로 일하고 있는 40대 워킹맘입니다. 좋은 학벌과 경력이 없는데도 불구하고 경쟁률이 세다는 교무행정사를 합격하여 다니고 있습니다. 저처럼 무경력자인 주부들도 노력만 한다면 충분히 도전해 볼만한 직업이라 생각하여 취업에 도움이 되고자 자소서 작성법과 면접 비결 등을 알려드리는 전자책을 발행하려고 합니다^^;<div><img alt="상세이미지-0" src="https://d2v80xjmx68n4w.cloudfront.net/gigs/zmr5I1667880217.png?w=715" width="715" loading="lazy"><img alt="상세이미지-1" src="https://d2v80xjmx68n4w.cloudfront.net/gigs/gveDQ1667880222.png?w=715" width="715" loading="lazy"><img alt="상세이미지-2" src="https://d2v80xjmx68n4w.cloudfront.net/gigs/ekRdh1667880290.png?w=715" width="715" loading="lazy"><img alt="상세이미지-3" src="https://d2v80xjmx68n4w.cloudfront.net/gigs/RBNJi1667880956.png?w=715" width="715" loading="lazy"><img alt="상세이미지-4" src="https://d2v80xjmx68n4w.cloudfront.net/gigs/FpR0E1667880965.png?w=715" width="715" loading="lazy"><img alt="상세이미지-5" src="https://d2v80xjmx68n4w.cloudfront.net/gigs/5LljI1667880981.png?w=715" width="715" loading="lazy"><img alt="상세이미지-6" src="https://d2v80xjmx68n4w.cloudfront.net/gigs/df7G41667880991.png?w=715" width="715" loading="lazy"><img alt="상세이미지-7" src="https://d2v80xjmx68n4w.cloudfront.net/gigs/5CXD81667881031.png?w=715" width="715" loading="lazy"><img alt="상세이미지-8" src="https://d2v80xjmx68n4w.cloudfront.net/gigs/Djdir1667881203.png?w=715" width="715" loading="lazy"></div>;f082f6c1-4909-4ac7-a688-d01a1338b981;https://d2v80xjmx68n4w.cloudfront.net/gigs/LPhYq1667874173.jpg
어뎁터스 11년 첨삭 전문가, 자기소개서 첨삭 해드립니다.;IT / 헤드헌팅 / 교육 / 광고대행사 / 중견기업 _CHO 및 인사채용 경험을 보유하고 있습니다.;<div class="css-0 e1y4fmav1"><img alt="상세이미지-0" src="https://d2v80xjmx68n4w.cloudfront.net/gigs/ezWpl1645355061.jpg?w=715" width="715" loading="lazy" class="css-4l2ynl e1y4fmav2"><img alt="상세이미지-1" src="https://d2v80xjmx68n4w.cloudfront.net/gigs/KwSdv1645355064.jpg?w=715" width="715" loading="lazy" class="css-4l2ynl e1y4fmav2"></div>;f082f6c1-4909-4ac7-a688-d01a1338b981;https://d2v80xjmx68n4w.cloudfront.net/gigs/Z8nw91585633904.jpg
대기업 인사 담당자가 제공하는 자기소개서 자소서 멘토링;대한민국 No.1 취업 컨설턴트 이솝입니다.;<div class="css-0 e1y4fmav1"><img alt="상세이미지-0" src="https://d2v80xjmx68n4w.cloudfront.net/gigs/nL2wo1724636249.png?w=715" width="715" loading="lazy" class="css-4l2ynl e1y4fmav2"><img alt="상세이미지-1" src="https://d2v80xjmx68n4w.cloudfront.net/gigs/Cwu3r1731578512.png?w=715" width="715" loading="lazy" class="css-4l2ynl e1y4fmav2"><img alt="상세이미지-2" src="https://d2v80xjmx68n4w.cloudfront.net/gigs/cF0IV1731578513.png?w=715" width="715" loading="lazy" class="css-4l2ynl e1y4fmav2"><img alt="상세이미지-3" src="https://d2v80xjmx68n4w.cloudfront.net/gigs/CAQPM1731578513.png?w=715" width="715" loading="lazy" class="css-4l2ynl e1y4fmav2"><img alt="상세이미지-4" src="https://d2v80xjmx68n4w.cloudfront.net/gigs/ANfUZ1731578513.png?w=715" width="715" loading="lazy" class="css-4l2ynl e1y4fmav2"><img alt="상세이미지-5" src="https://d2v80xjmx68n4w.cloudfront.net/gigs/zrpAC1731578514.png?w=715" width="715" loading="lazy" class="css-4l2ynl e1y4fmav2"></div>;f082f6c1-4909-4ac7-a688-d01a1338b981;https://d2v80xjmx68n4w.cloudfront.net/gigs/bAuso1730266098.jpg
디자인 직무 대기업 합격 자기소개서 8종 모음;타 직무 대비 자료 및 정보를 찾기 어려운 '디자인' 직무 합격 자기소개서 공유를 통해 서류 합격의 길로 안내해드립니다!;<div class="css-0 e1y4fmav1"><img alt="상세이미지-0" src="https://d2v80xjmx68n4w.cloudfront.net/gigs/ZRMmD1724678762.jpg?w=715" width="715" loading="lazy" class="css-4l2ynl e1y4fmav2"><img alt="상세이미지-1" src="https://d2v80xjmx68n4w.cloudfront.net/gigs/RRvmx1724678800.jpg?w=715" width="715" loading="lazy" class="css-4l2ynl e1y4fmav2"><img alt="상세이미지-2" src="https://d2v80xjmx68n4w.cloudfront.net/gigs/aB49q1724678803.jpg?w=715" width="715" loading="lazy" class="css-4l2ynl e1y4fmav2"></div>;a0a5ef1b-a6fc-4ed7-b861-036d7b8667f8;https://d2v80xjmx68n4w.cloudfront.net/gigs/RUucD1724678660.jpg
한섬 패션전문직 VMD 디자인 전문 자소서 멘토링;상업적인 공간의 VMD를  연출하는 방법부터 기본 실무이론 개념부터 컨설팅까지 진행하는 라임디자인입니다.;<div class="css-0 e1y4fmav1"><img alt="상세이미지-0" src="https://d2v80xjmx68n4w.cloudfront.net/gigs/M2qgA1720060524.jpg?w=715" width="715" loading="lazy" class="css-4l2ynl e1y4fmav2"><img alt="상세이미지-1" src="https://d2v80xjmx68n4w.cloudfront.net/gigs/eCt4Z1720060747.webp?w=715" width="715" loading="lazy" class="css-4l2ynl e1y4fmav2"></div>;a0a5ef1b-a6fc-4ed7-b861-036d7b8667f8;https://d2v80xjmx68n4w.cloudfront.net/gigs/uE1Nb1720060510.jpg
패션디자이너 자소서 전문과 합격 노하우 공유 드립니다;안녕하세요. 패션디자이너로 활동 중인 오예입니다. 포토샵, 일러스트레이터,3D 그래픽툴 을활용하여  다양한 작업을 하고 있으며 중견기업 홈쇼핑 브랜드와 디자이너브랜드에서 패션디자이너로근무하였습니다.;<div><img alt="상세이미지-0" src="https://d2v80xjmx68n4w.cloudfront.net/gigs/6bBYu1669735080.png?w=715" width="715" loading="lazy"><img alt="상세이미지-1" src="https://d2v80xjmx68n4w.cloudfront.net/gigs/JRxLV1669735376.png?w=715" width="715" loading="lazy"><img alt="상세이미지-2" src="https://d2v80xjmx68n4w.cloudfront.net/gigs/Hi5K41669735381.png?w=715" width="715" loading="lazy"><img alt="상세이미지-3" src="https://d2v80xjmx68n4w.cloudfront.net/gigs/7BlDU1669735390.png?w=715" width="715" loading="lazy"><img alt="상세이미지-4" src="https://d2v80xjmx68n4w.cloudfront.net/gigs/5r79L1669735396.png?w=715" width="715" loading="lazy"><img alt="상세이미지-5" src="https://d2v80xjmx68n4w.cloudfront.net/gigs/y4OJV1669735479.jpg?w=715" width="715" loading="lazy"></div>;a0a5ef1b-a6fc-4ed7-b861-036d7b8667f8;https://d2v80xjmx68n4w.cloudfront.net/gigs/16Iza1669480713.jpg
미대, 예술계, 디자인 전공 유학생 취업 멘토링;안녕하세요. 저희는 회사소개 및 사업 관련 문서 작업 전문가입니다.;<div class="css-0 e1y4fmav1"><img alt="상세이미지-0" src="https://d2v80xjmx68n4w.cloudfront.net/gigs/UhwsD1601825222.jpg?w=715" width="715" loading="lazy" class="css-4l2ynl e1y4fmav2"></div>;a0a5ef1b-a6fc-4ed7-b861-036d7b8667f8;https://d2v80xjmx68n4w.cloudfront.net/gigs/z6VRY1601823363.jpg
강남 에이전시 출신 디자이너의 효율적인 디자인 취업 팁;강남 에이전시 출신 4년차 디자이너;<div><img alt="상세이미지-0" src="https://d2v80xjmx68n4w.cloudfront.net/gigs/5qMyn1703487657.png?w=715" width="715" loading="lazy"><img alt="상세이미지-1" src="https://d2v80xjmx68n4w.cloudfront.net/gigs/iT0mN1703487662.png?w=715" width="715" loading="lazy"><img alt="상세이미지-2" src="https://d2v80xjmx68n4w.cloudfront.net/gigs/e9zpo1703487665.png?w=715" width="715" loading="lazy"><img alt="상세이미지-3" src="https://d2v80xjmx68n4w.cloudfront.net/gigs/YvZbU1703487668.png?w=715" width="715" loading="lazy"><img alt="상세이미지-4" src="https://d2v80xjmx68n4w.cloudfront.net/gigs/8HAfP1703487671.png?w=715" width="715" loading="lazy"><img alt="상세이미지-5" src="https://d2v80xjmx68n4w.cloudfront.net/gigs/8c7e81703487674.png?w=715" width="715" loading="lazy"><img alt="상세이미지-6" src="https://d2v80xjmx68n4w.cloudfront.net/gigs/SGt1T1703487677.png?w=715" width="715" loading="lazy"><img alt="상세이미지-7" src="https://d2v80xjmx68n4w.cloudfront.net/gigs/fwWyK1703502796.png?w=715" width="715" loading="lazy"></div>;a0a5ef1b-a6fc-4ed7-b861-036d7b8667f8;https://d2v80xjmx68n4w.cloudfront.net/gigs/JF3Ej1712807074.jpg
제약바이오 약사 겸 NCS 강사 자소서, 이력서 멘토링;- 연구/개발 경력 13년 차 - 11편의 sci급 논문 (tIF 60 이상) 게재,<div class="css-0 e1y4fmav1"><img alt="상세이미지-0" src="https://d2v80xjmx68n4w.cloudfront.net/gigs/iDnLl1714615766.JPG?w=715" width="715" loading="lazy" class="css-4l2ynl e1y4fmav2"><img alt="상세이미지-1" src="https://d2v80xjmx68n4w.cloudfront.net/gigs/Kn9p11714615767.JPG?w=715" width="715" loading="lazy" class="css-4l2ynl e1y4fmav2"><img alt="상세이미지-2" src="https://d2v80xjmx68n4w.cloudfront.net/gigs/0olrO1714615767.JPG?w=715" width="715" loading="lazy" class="css-4l2ynl e1y4fmav2"><img alt="상세이미지-3" src="https://d2v80xjmx68n4w.cloudfront.net/gigs/uBhKs1714615768.JPG?w=715" width="715" loading="lazy" class="css-4l2ynl e1y4fmav2"><img alt="상세이미지-4" src="https://d2v80xjmx68n4w.cloudfront.net/gigs/e3qV41714615768.JPG?w=715" width="715" loading="lazy" class="css-4l2ynl e1y4fmav2"></div>;dcd5a8a6-6e08-42bd-be88-1dc6440a524a;https://d2v80xjmx68n4w.cloudfront.net/gigs/VPqXB1714455666.jpg
ㅣ대기업 현직자ㅣA to Z "개인 맞춤" 멘토링;안녕하세요. 공대 외길인생 대기업 현직자 "결국해내는J씨"입니다.;<div class="css-0 e1y4fmav1"><img alt="상세이미지-0" src="https://d2v80xjmx68n4w.cloudfront.net/gigs/DyhSD1698933358.jpg?w=715" width="715" loading="lazy" class="css-4l2ynl e1y4fmav2"><img alt="상세이미지-1" src="https://d2v80xjmx68n4w.cloudfront.net/gigs/Kqydz1698933361.jpg?w=715" width="715" loading="lazy" class="css-4l2ynl e1y4fmav2"><img alt="상세이미지-2" src="https://d2v80xjmx68n4w.cloudfront.net/gigs/G2xaz1698933367.jpg?w=715" width="715" loading="lazy" class="css-4l2ynl e1y4fmav2"></div>;dcd5a8a6-6e08-42bd-be88-1dc6440a524a;https://d2v80xjmx68n4w.cloudfront.net/gigs/RpKTU1697811088.jpg
자연과학공학의학보건 자소서 연구계획서 멘토링;당신의 경험과 능력을 더욱 더 가치있게 바꿔드려요. 자기소개서를 작성하는 방법에는 정답은 없지만, 합격률을 높일 수 있는 방법은 존재해요. 합리적인 가격으로 취준생 분들에게 부담이 되지 않게, 하나 하나 꼼꼼히 첨삭을 진행할게요.;<div class="css-0 e1y4fmav1"><img alt="상세이미지-0" src="https://d2v80xjmx68n4w.cloudfront.net/gigs/PFcEp1712235140.png?w=715" width="715" loading="lazy" class="css-4l2ynl e1y4fmav2"><img alt="상세이미지-1" src="https://d2v80xjmx68n4w.cloudfront.net/gigs/N3c7x1712235167.png?w=715" width="715" loading="lazy" class="css-4l2ynl e1y4fmav2"><img alt="상세이미지-2" src="https://d2v80xjmx68n4w.cloudfront.net/gigs/XRZ3M1712235170.png?w=715" width="715" loading="lazy" class="css-4l2ynl e1y4fmav2"><img alt="상세이미지-3" src="https://d2v80xjmx68n4w.cloudfront.net/gigs/p4ssq1712235173.png?w=715" width="715" loading="lazy" class="css-4l2ynl e1y4fmav2"><img alt="상세이미지-4" src="https://d2v80xjmx68n4w.cloudfront.net/gigs/z4uPf1712235176.png?w=715" width="715" loading="lazy" class="css-4l2ynl e1y4fmav2"><img alt="상세이미지-5" src="https://d2v80xjmx68n4w.cloudfront.net/gigs/sdaVN1712235179.png?w=715" width="715" loading="lazy" class="css-4l2ynl e1y4fmav2"><img alt="상세이미지-6" src="https://d2v80xjmx68n4w.cloudfront.net/gigs/7Z7Nh1731222849.png?w=715" width="715" loading="lazy" class="css-4l2ynl e1y4fmav2"><img alt="상세이미지-7" src="https://d2v80xjmx68n4w.cloudfront.net/gigs/7zQf81731222853.png?w=715" width="715" loading="lazy" class="css-4l2ynl e1y4fmav2"></div>;https://d2v80xjmx68n4w.cloudfront.net/gigs/qLYZI1574244141.jpg
[SK 멘토] 반도체 현직자의 자소서 멘토;대기업, 중견기업 첨삭 작업및 다수 합격;<div class="css-0 e1y4fmav1"><img alt="상세이미지-0" src="https://d2v80xjmx68n4w.cloudfront.net/gigs/v4LFu1662873246.png?w=715" width="715" loading="lazy" class="css-4l2ynl e1y4fmav2"><img alt="상세이미지-1" src="https://d2v80xjmx68n4w.cloudfront.net/gigs/31Gbk1662873292.png?w=715" width="715" loading="lazy" class="css-4l2ynl e1y4fmav2"><img alt="상세이미지-2" src="https://d2v80xjmx68n4w.cloudfront.net/gigs/xxpfO1663068753.png?w=715" width="715" loading="lazy" class="css-4l2ynl e1y4fmav2"><img alt="상세이미지-3" src="https://d2v80xjmx68n4w.cloudfront.net/gigs/bFO7O1663068758.png?w=715" width="715" loading="lazy" class="css-4l2ynl e1y4fmav2"><img alt="상세이미지-4" src="https://d2v80xjmx68n4w.cloudfront.net/gigs/JRBKg1663587741.png?w=715" width="715" loading="lazy" class="css-4l2ynl e1y4fmav2"><img alt="상세이미지-5" src="https://d2v80xjmx68n4w.cloudfront.net/gigs/FW57o1664976993.png?w=715" width="715" loading="lazy" class="css-4l2ynl e1y4fmav2"><img alt="상세이미지-6" src="https://d2v80xjmx68n4w.cloudfront.net/gigs/AOXqx1664976999.png?w=715" width="715" loading="lazy" class="css-4l2ynl e1y4fmav2"><img alt="상세이미지-7" src="https://d2v80xjmx68n4w.cloudfront.net/gigs/lJ1TP1676492949.png?w=715" width="715" loading="lazy" class="css-4l2ynl e1y4fmav2"></div>;dcd5a8a6-6e08-42bd-be88-1dc6440a524a;https://d2v80xjmx68n4w.cloudfront.net/gigs/6gzIi1703125554.jpg
포스코 엔지니어의 철강 자소서 첨삭;안녕하세요. 지방대 화학공학과 학사출신으로 10여개 이상의 대기업에 최종합격하고 다양한 산업군에서 근무한 경험이 있습니다. 제철(포스코)부터 석유화학(한화솔루션) 이후 현재는 반도체(삼성전자)에 재직하고 있습니다.  최신 취업 트랜드 및 산업동향을 파악하였고 서류부터 면접까지 도와드리겠습니다.;<div class="css-0 e1y4fmav1"><img alt="상세이미지-0" src="https://d2v80xjmx68n4w.cloudfront.net/gigs/fbWwt1710769423.png?w=715" width="715" loading="lazy" class="css-4l2ynl e1y4fmav2"><img alt="상세이미지-1" src="https://d2v80xjmx68n4w.cloudfront.net/gigs/lSeVL1710769443.jpeg?w=715" width="715" loading="lazy" class="css-4l2ynl e1y4fmav2"><img alt="상세이미지-2" src="https://d2v80xjmx68n4w.cloudfront.net/gigs/dF6NZ1710769918.jpeg?w=715" width="715" loading="lazy" class="css-4l2ynl e1y4fmav2"><img alt="상세이미지-3" src="https://d2v80xjmx68n4w.cloudfront.net/gigs/q7X2q1710769919.jpeg?w=715" width="715" loading="lazy" class="css-4l2ynl e1y4fmav2"><img alt="상세이미지-4" src="https://d2v80xjmx68n4w.cloudfront.net/gigs/ODCS21710770051.jpeg?w=715" width="715" loading="lazy" class="css-4l2ynl e1y4fmav2"><img alt="상세이미지-5" src="https://d2v80xjmx68n4w.cloudfront.net/gigs/NZEyR1710770091.jpeg?w=715" width="715" loading="lazy" class="css-4l2ynl e1y4fmav2"><img alt="상세이미지-6" src="https://d2v80xjmx68n4w.cloudfront.net/gigs/ewJxh1710770091.jpeg?w=715" width="715" loading="lazy" class="css-4l2ynl e1y4fmav2"><img alt="상세이미지-7" src="https://d2v80xjmx68n4w.cloudfront.net/gigs/2BlcP1710770092.jpeg?w=715" width="715" loading="lazy" class="css-4l2ynl e1y4fmav2"><img alt="상세이미지-8" src="https://d2v80xjmx68n4w.cloudfront.net/gigs/Kj7ow1726044564.png?w=715" width="715" loading="lazy" class="css-4l2ynl e1y4fmav2"></div>;dcd5a8a6-6e08-42bd-be88-1dc6440a524a;https://d2v80xjmx68n4w.cloudfront.net/gigs/g40Q91710768431.jpg
IT 현직자의 최고수준 1대1 맞춤형 멘토링;· 現 1금융권 디지털/IT 재직 · KB,하나,IBK,NH농협,우리 銀行, 농협정보시스템 등 합격자 57명 배출(24.11.26 기준);<div class="css-0 e1y4fmav1"><img alt="상세이미지-0" src="https://d2v80xjmx68n4w.cloudfront.net/gigs/VISXC1732782106.png?w=715" width="715" loading="lazy" class="css-4l2ynl e1y4fmav2"><img alt="상세이미지-1" src="https://d2v80xjmx68n4w.cloudfront.net/gigs/yOALI1732782109.png?w=715" width="715" loading="lazy" class="css-4l2ynl e1y4fmav2"><img alt="상세이미지-2" src="https://d2v80xjmx68n4w.cloudfront.net/gigs/AS9HE1732782111.png?w=715" width="715" loading="lazy" class="css-4l2ynl e1y4fmav2"><img alt="상세이미지-3" src="https://d2v80xjmx68n4w.cloudfront.net/gigs/cHZ9k1732782114.png?w=715" width="715" loading="lazy" class="css-4l2ynl e1y4fmav2"></div>;d9fb8103-9591-4b6e-a1ca-9f1cd07452aa;https://d2v80xjmx68n4w.cloudfront.net/gigs/teaIc1732782620.jpg
현직 네카라쿠배 면접관의 면접 컨설팅;12년동안 서비스 기획자로 일하며, 디자이너와 기획자 채용을 담당했습니다. 1000여개의 이력서 & 포트폴리오 평가, 100여회의 면접 평가 경험을 바탕으로 ‘평가자’의 시선에서 날카롭게 조언 해 드리겠습니다.;<div class="css-0 e1y4fmav1"><img alt="상세이미지-0" src="https://d2v80xjmx68n4w.cloudfront.net/gigs/2vds61720004884.jpeg?w=715" width="715" loading="lazy" class="css-4l2ynl e1y4fmav2"></div>;d9fb8103-9591-4b6e-a1ca-9f1cd07452aa;https://d2v80xjmx68n4w.cloudfront.net/gigs/IxV9S1720004876.jpg
외국계 IT 대기업 면접 질문 멘토링;#IT산업 #정부지원사업 #B2B마케팅 #대기업이직;<div><img alt="상세이미지-0" src="https://d2v80xjmx68n4w.cloudfront.net/gigs/0GMXA1639654471.JPG?w=715" width="715" loading="lazy"><img alt="상세이미지-1" src="https://d2v80xjmx68n4w.cloudfront.net/gigs/jlFQA1639654657.JPG?w=715" width="715" loading="lazy"><img alt="상세이미지-2" src="https://d2v80xjmx68n4w.cloudfront.net/gigs/0YIEy1639654660.JPG?w=715" width="715" loading="lazy"><img alt="상세이미지-3" src="https://d2v80xjmx68n4w.cloudfront.net/gigs/mB1Ag1639654664.JPG?w=715" width="715" loading="lazy"><img alt="상세이미지-4" src="https://d2v80xjmx68n4w.cloudfront.net/gigs/FerVd1639654668.JPG?w=715" width="715" loading="lazy"><img alt="상세이미지-5" src="https://d2v80xjmx68n4w.cloudfront.net/gigs/XZahQ1639654678.JPG?w=715" width="715" loading="lazy"></div>;d9fb8103-9591-4b6e-a1ca-9f1cd07452aa;https://d2v80xjmx68n4w.cloudfront.net/gigs/8NRfa1639654391.jpg
외국계 IT 대기업 현직자의 이직 취업 코칭;이직의 신. 총 4번의 이직 (다수 기업 합격) 및 내부 승진으로 인하여 '연봉' 500% 상승 (실수령액 기준);<div class="css-0 e1y4fmav1"><img alt="상세이미지-0" src="https://d2v80xjmx68n4w.cloudfront.net/gigs/2EXSB1672645703.png?w=715" width="715" loading="lazy" class="css-4l2ynl e1y4fmav2"><img alt="상세이미지-1" src="https://d2v80xjmx68n4w.cloudfront.net/gigs/5HdPn1688691824.jpeg?w=715" width="715" loading="lazy" class="css-4l2ynl e1y4fmav2"></div>;d9fb8103-9591-4b6e-a1ca-9f1cd07452aa;https://d2v80xjmx68n4w.cloudfront.net/gigs/gORc51672714100.jpg
문과생, 40일 만에 IT 대기업 N사 합격하기;코딩 못 하더라도 최단 시간에 IT회사에 취직할 수 있는 현실적인 방법을 알려드립니다.;<div><img alt="상세이미지-0" src="https://d2v80xjmx68n4w.cloudfront.net/gigs/bSAKN1696933894.png?w=715" width="715" loading="lazy"><img alt="상세이미지-1" src="https://d2v80xjmx68n4w.cloudfront.net/gigs/CIEWx1696933902.png?w=715" width="715" loading="lazy"><img alt="상세이미지-2" src="https://d2v80xjmx68n4w.cloudfront.net/gigs/aHuxd1696933906.png?w=715" width="715" loading="lazy"><img alt="상세이미지-3" src="https://d2v80xjmx68n4w.cloudfront.net/gigs/kTzVN1696933918.png?w=715" width="715" loading="lazy"><img alt="상세이미지-4" src="https://d2v80xjmx68n4w.cloudfront.net/gigs/dBAlc1696933921.png?w=715" width="715" loading="lazy"></div>;d9fb8103-9591-4b6e-a1ca-9f1cd07452aa;https://d2v80xjmx68n4w.cloudfront.net/gigs/jJhYO1696819449.jpg
경력직 마케팅 마케터 면접 거저먹어요;식품&제과 / 뷰티 / 리빙&라이프스타일 / 교육 / IT 등 다양한 업계 면접 경험이 있는 3년차 마케터입니다.;<div class="css-0 e1y4fmav1"><img alt="상세이미지-0" src="https://d2v80xjmx68n4w.cloudfront.net/gigs/mnkTp1708958925.png?w=715" width="715" loading="lazy" class="css-4l2ynl e1y4fmav2"><img alt="상세이미지-1" src="https://d2v80xjmx68n4w.cloudfront.net/gigs/4k8cP1708958927.png?w=715" width="715" loading="lazy" class="css-4l2ynl e1y4fmav2"><img alt="상세이미지-2" src="https://d2v80xjmx68n4w.cloudfront.net/gigs/ZIGRa1708958930.png?w=715" width="715" loading="lazy" class="css-4l2ynl e1y4fmav2"><img alt="상세이미지-3" src="https://d2v80xjmx68n4w.cloudfront.net/gigs/sng451708958934.png?w=715" width="715" loading="lazy" class="css-4l2ynl e1y4fmav2"></div>;d9fb8103-9591-4b6e-a1ca-9f1cd07452aa;https://d2v80xjmx68n4w.cloudfront.net/gigs/peOl01708958457.jpg
마케팅 자소서, 포트폴리오 멘토링 해드립니다.;취준생 취업 컨설팅 경력 10년차 컨설턴트 S대 언니들입니다.;<div class="css-0 e1y4fmav1"><img alt="상세이미지-0" src="https://d2v80xjmx68n4w.cloudfront.net/gigs/ZtEsw1580224028.png?w=715" width="715" loading="lazy" class="css-4l2ynl e1y4fmav2"><img alt="상세이미지-1" src="https://d2v80xjmx68n4w.cloudfront.net/gigs/ZejYq1580224036.png?w=715" width="715" loading="lazy" class="css-4l2ynl e1y4fmav2"><img alt="상세이미지-2" src="https://d2v80xjmx68n4w.cloudfront.net/gigs/HXjlO1580224044.png?w=715" width="715" loading="lazy" class="css-4l2ynl e1y4fmav2"></div>;d9fb8103-9591-4b6e-a1ca-9f1cd07452aa;https://d2v80xjmx68n4w.cloudfront.net/gigs/zSrvb1580645166.jpg
커머스 마케터 취업 이직 자소서 면접 이력서 경력기술서 멘토링;7년차 이커머스/브랜드마케터;<div class="css-0 e1y4fmav1"><img alt="상세이미지-0" src="https://d2v80xjmx68n4w.cloudfront.net/gigs/PzRpG1705583113.jpg?w=715" width="715" loading="lazy" class="css-4l2ynl e1y4fmav2"><img alt="상세이미지-1" src="https://d2v80xjmx68n4w.cloudfront.net/gigs/yq2Mb1705583124.jpg?w=715" width="715" loading="lazy" class="css-4l2ynl e1y4fmav2"><img alt="상세이미지-2" src="https://d2v80xjmx68n4w.cloudfront.net/gigs/gLRO41705583128.jpg?w=715" width="715" loading="lazy" class="css-4l2ynl e1y4fmav2"><img alt="상세이미지-3" src="https://d2v80xjmx68n4w.cloudfront.net/gigs/OsZC11705583658.jpg?w=715" width="715" loading="lazy" class="css-4l2ynl e1y4fmav2"><img alt="상세이미지-4" src="https://d2v80xjmx68n4w.cloudfront.net/gigs/BAS8Q1705583666.jpg?w=715" width="715" loading="lazy" class="css-4l2ynl e1y4fmav2"><img alt="상세이미지-5" src="https://d2v80xjmx68n4w.cloudfront.net/gigs/sLd3g1705583679.jpg?w=715" width="715" loading="lazy" class="css-4l2ynl e1y4fmav2"></div>;4aef80d1-9a30-4162-a00d-3981439110f3;https://d2v80xjmx68n4w.cloudfront.net/gigs/vO13Q1705583105.jpg
경력직 마케팅 마케터 면접 거저먹어요;한 줄로 브랜드와 삶을 잇는 다재다능 카피라이터;<div><img alt="상세이미지-0" src="https://d2v80xjmx68n4w.cloudfront.net/gigs/DDsVK1690210557.jpg?w=715" width="715" loading="lazy"><img alt="상세이미지-1" src="https://d2v80xjmx68n4w.cloudfront.net/gigs/qJoIK1690210558.jpg?w=715" width="715" loading="lazy"><img alt="상세이미지-2" src="https://d2v80xjmx68n4w.cloudfront.net/gigs/W4SVM1690210558.jpg?w=715" width="715" loading="lazy"><img alt="상세이미지-3" src="https://d2v80xjmx68n4w.cloudfront.net/gigs/c8SWF1690210561.jpg?w=715" width="715" loading="lazy"><img alt="상세이미지-4" src="https://d2v80xjmx68n4w.cloudfront.net/gigs/Kfa6s1690210564.jpg?w=715" width="715" loading="lazy"><img alt="상세이미지-5" src="https://d2v80xjmx68n4w.cloudfront.net/gigs/gG4v51690210565.jpg?w=715" width="715" loading="lazy"></div>;4aef80d1-9a30-4162-a00d-3981439110f3;https://d2v80xjmx68n4w.cloudfront.net/gigs/lt97j1719038668.jpg
광고대행사 7년차 팀장+면접관의 자소서 첨삭/면접상담;기본적으로 교정 작업 진행합니다. 지원하시는 분야 및 전문성이 필요한 내용은 쪽지 등으로 충분히 설명해주셔야 작업 가능합니다.;<div class="css-0 e1y4fmav1"><img alt="상세이미지-0" src="https://d2v80xjmx68n4w.cloudfront.net/gigs/gjE5e1673093388.png?w=715" width="715" loading="lazy" class="css-4l2ynl e1y4fmav2"></div>;https://d2v80xjmx68n4w.cloudfront.net/gigs/Yodxy1673093380.jpg
교육공무직 자기소개서와 면접 합격의 핵심;현재 서울시교육청 소속 교육공무직원으로 초등학교에서 근무하고 있습니다. 저와 함께 근무했던 단기 계약직 선생님들을 자소서 첨삭과 면접 코칭으로 교육청 공채에 합격할 수 있도록 도와주었습니다.;<div><img alt="상세이미지-0" src="https://d2v80xjmx68n4w.cloudfront.net/gigs/5Skw21704192413.png?w=715" width="715" loading="lazy"></div>;6f701734-091c-446c-907a-0e2dbe405907;https://d2v80xjmx68n4w.cloudfront.net/gigs/XEvXK1704192406.jpg
교육공무직 특수교육실무사 면접문답85문항 합격비법;현 교육공무직으로 근무 하고 있습니다.;<div><img alt="상세이미지-0" src="https://d2v80xjmx68n4w.cloudfront.net/gigs/6grU41707407427.jpg?w=715" width="715" loading="lazy"><img alt="상세이미지-1" src="https://d2v80xjmx68n4w.cloudfront.net/gigs/QMuZA1707407428.jpg?w=715" width="715" loading="lazy"><img alt="상세이미지-2" src="https://d2v80xjmx68n4w.cloudfront.net/gigs/jiBnU1707407428.jpg?w=715" width="715" loading="lazy"><img alt="상세이미지-3" src="https://d2v80xjmx68n4w.cloudfront.net/gigs/NKktv1707407428.jpg?w=715" width="715" loading="lazy"><img alt="상세이미지-4" src="https://d2v80xjmx68n4w.cloudfront.net/gigs/kzWTA1707407428.jpg?w=715" width="715" loading="lazy"><img alt="상세이미지-5" src="https://d2v80xjmx68n4w.cloudfront.net/gigs/l3xHb1707407428.jpg?w=715" width="715" loading="lazy"><img alt="상세이미지-6" src="https://d2v80xjmx68n4w.cloudfront.net/gigs/X4rIw1707407429.jpg?w=715" width="715" loading="lazy"><img alt="상세이미지-7" src="https://d2v80xjmx68n4w.cloudfront.net/gigs/mhstc1732760181.png?w=715" width="715" loading="lazy"></div>;6f701734-091c-446c-907a-0e2dbe405907;https://d2v80xjmx68n4w.cloudfront.net/gigs/v3xxK1732759430.jpg
신의 직장 대학 교직원 취업 방법 서류/면접/상식;안녕하세요. 대기업에서 1년 근무 후 대학교로 이직하여  근무하는 4년차 교직원입니다. 교직원 업무에 대한 정보 획득과 면접에 많은 도움이 되시길 바랍니다.;<div><img alt="상세이미지-0" src="https://d2v80xjmx68n4w.cloudfront.net/gigs/t6fSH1691727114.jpg?w=715" width="715" loading="lazy"><img alt="상세이미지-1" src="https://d2v80xjmx68n4w.cloudfront.net/gigs/lcjdU1691729223.jpg?w=715" width="715" loading="lazy"><img alt="상세이미지-2" src="https://d2v80xjmx68n4w.cloudfront.net/gigs/wwWIe1691729557.jpg?w=715" width="715" loading="lazy"><img alt="상세이미지-3" src="https://d2v80xjmx68n4w.cloudfront.net/gigs/LKN9m1691729583.jpg?w=715" width="715" loading="lazy"><img alt="상세이미지-4" src="https://d2v80xjmx68n4w.cloudfront.net/gigs/5JVuS1691729588.jpg?w=715" width="715" loading="lazy"><img alt="상세이미지-5" src="https://d2v80xjmx68n4w.cloudfront.net/gigs/0FQgk1691729594.jpg?w=715" width="715" loading="lazy"></div>;6f701734-091c-446c-907a-0e2dbe405907;https://d2v80xjmx68n4w.cloudfront.net/gigs/pbHYr1690250615.jpg
유아임용 한방에 합격하는 비법;안녕하세요. 저는 이화여자대학교 유아교육과를 졸업하고 유치원임용고시 합격 후, 공립유치원교사로 재직한 경력이 있습니다.;<div><img alt="상세이미지-0" src="https://d2v80xjmx68n4w.cloudfront.net/gigs/7gh211667635553.png?w=715" width="715" loading="lazy"><img alt="상세이미지-1" src="https://d2v80xjmx68n4w.cloudfront.net/gigs/1SAvl1667635556.png?w=715" width="715" loading="lazy"><img alt="상세이미지-2" src="https://d2v80xjmx68n4w.cloudfront.net/gigs/nqevK1667635560.png?w=715" width="715" loading="lazy"><img alt="상세이미지-3" src="https://d2v80xjmx68n4w.cloudfront.net/gigs/WPxoR1667635564.png?w=715" width="715" loading="lazy"><img alt="상세이미지-4" src="https://d2v80xjmx68n4w.cloudfront.net/gigs/XCWEU1667635575.png?w=715" width="715" loading="lazy"><img alt="상세이미지-5" src="https://d2v80xjmx68n4w.cloudfront.net/gigs/x6mud1667635578.png?w=715" width="715" loading="lazy"><img alt="상세이미지-6" src="https://d2v80xjmx68n4w.cloudfront.net/gigs/Kq6N81667635582.png?w=715" width="715" loading="lazy"><img alt="상세이미지-7" src="https://d2v80xjmx68n4w.cloudfront.net/gigs/BmcCX1667635586.png?w=715" width="715" loading="lazy"></div>;6f701734-091c-446c-907a-0e2dbe405907;https://d2v80xjmx68n4w.cloudfront.net/gigs/pgaqs1732021609.jpg
보건기간제교사면접노하우 드립니다.;보건기간제교사 면접 노하우를 알려드립니다!;<div><img alt="상세이미지-0" src="https://d2v80xjmx68n4w.cloudfront.net/gigs/ayLk61654229469.jpg?w=715" width="715" loading="lazy"><img alt="상세이미지-1" src="https://d2v80xjmx68n4w.cloudfront.net/gigs/npe951654229469.jpg?w=715" width="715" loading="lazy"><img alt="상세이미지-2" src="https://d2v80xjmx68n4w.cloudfront.net/gigs/jpGPi1654229470.jpg?w=715" width="715" loading="lazy"><img alt="상세이미지-3" src="https://d2v80xjmx68n4w.cloudfront.net/gigs/AkrVA1654229470.jpg?w=715" width="715" loading="lazy"><img alt="상세이미지-4" src="https://d2v80xjmx68n4w.cloudfront.net/gigs/AYg071654229470.jpg?w=715" width="715" loading="lazy"></div>;6f701734-091c-446c-907a-0e2dbe405907;https://d2v80xjmx68n4w.cloudfront.net/gigs/uKWew1654215628.jpg
정부출연연구원 출신 연구원의 면접 멘토링;" 어떻게 정부출연연구원에 취직할 수 있었고, 어떻게 25곳 이상 기업에 합격했는지 자기소개서부터 면접까지 모든 노하우를 전해드립니다.";<div class="css-0 e1y4fmav1"><img alt="상세이미지-0" src="https://d2v80xjmx68n4w.cloudfront.net/gigs/8fPj91655711818.png?w=715" width="715" loading="lazy" class="css-4l2ynl e1y4fmav2"><img alt="상세이미지-1" src="https://d2v80xjmx68n4w.cloudfront.net/gigs/nmx4x1655711893.png?w=715" width="715" loading="lazy" class="css-4l2ynl e1y4fmav2"><img alt="상세이미지-2" src="https://d2v80xjmx68n4w.cloudfront.net/gigs/fVKni1659005260.jpg?w=715" width="715" loading="lazy" class="css-4l2ynl e1y4fmav2"><img alt="상세이미지-3" src="https://d2v80xjmx68n4w.cloudfront.net/gigs/guBMa1659005367.png?w=715" width="715" loading="lazy" class="css-4l2ynl e1y4fmav2"><img alt="상세이미지-4" src="https://d2v80xjmx68n4w.cloudfront.net/gigs/j6wI81670244138.jpg?w=715" width="715" loading="lazy" class="css-4l2ynl e1y4fmav2"><img alt="상세이미지-5" src="https://d2v80xjmx68n4w.cloudfront.net/gigs/b6ODL1670244146.png?w=715" width="715" loading="lazy" class="css-4l2ynl e1y4fmav2"><img alt="상세이미지-6" src="https://d2v80xjmx68n4w.cloudfront.net/gigs/Dow881670244154.jpg?w=715" width="715" loading="lazy" class="css-4l2ynl e1y4fmav2"><img alt="상세이미지-7" src="https://d2v80xjmx68n4w.cloudfront.net/gigs/XIJhV1694769390.png?w=715" width="715" loading="lazy" class="css-4l2ynl e1y4fmav2"><img alt="상세이미지-8" src="https://d2v80xjmx68n4w.cloudfront.net/gigs/sIjuZ1694769653.png?w=715" width="715" loading="lazy" class="css-4l2ynl e1y4fmav2"></div>;e044c6ab-648d-4b1a-9dbc-85708b1d1fdd;https://d2v80xjmx68n4w.cloudfront.net/gigs/5PAqU1655711372.jpg
공대 대기업 현직자가 자소서, 면접 도와 드립니다.;안녕하세요 이공계 대기업 현직자입니다. S전차 SW연구개발, H자동차 연구개발 직무 최종합격하였고, 그 외 다수 기업의 면접 경험이 있습니다.;<div class="css-0 e1y4fmav1"><img alt="상세이미지-0" src="https://d2v80xjmx68n4w.cloudfront.net/gigs/Cvb3Y1639396293.PNG?w=715" width="715" loading="lazy" class="css-4l2ynl e1y4fmav2"><img alt="상세이미지-1" src="https://d2v80xjmx68n4w.cloudfront.net/gigs/3ySFe1662686898.png?w=715" width="715" loading="lazy" class="css-4l2ynl e1y4fmav2"><img alt="상세이미지-2" src="https://d2v80xjmx68n4w.cloudfront.net/gigs/U5wGG1662686902.png?w=715" width="715" loading="lazy" class="css-4l2ynl e1y4fmav2"><img alt="상세이미지-3" src="https://d2v80xjmx68n4w.cloudfront.net/gigs/voUzp1662689672.jpg?w=715" width="715" loading="lazy" class="css-4l2ynl e1y4fmav2"><img alt="상세이미지-4" src="https://d2v80xjmx68n4w.cloudfront.net/gigs/70mUl1662689693.jpg?w=715" width="715" loading="lazy" class="css-4l2ynl e1y4fmav2"><img alt="상세이미지-5" src="https://d2v80xjmx68n4w.cloudfront.net/gigs/wgdH61666219874.jpg?w=715" width="715" loading="lazy" class="css-4l2ynl e1y4fmav2"><img alt="상세이미지-6" src="https://d2v80xjmx68n4w.cloudfront.net/gigs/sPyZ61666219937.jpg?w=715" width="715" loading="lazy" class="css-4l2ynl e1y4fmav2"></div>;e044c6ab-648d-4b1a-9dbc-85708b1d1fdd;https://d2v80xjmx68n4w.cloudfront.net/gigs/ZHqKo1709193854.jpg
6년차 현직 반도체 엔지니어의 반도체 기업 모의면접;2019 ~ 2022 삼성전자 DP부문 설비 Engineer, 2022~2024 SK Hynix 양산 기술 공정/장비 Engineer;<div class="css-0 e1y4fmav1"><img alt="상세이미지-0" src="https://d2v80xjmx68n4w.cloudfront.net/gigs/iZyk81714067165.png?w=715" width="715" loading="lazy" class="css-4l2ynl e1y4fmav2"><img alt="상세이미지-1" src="https://d2v80xjmx68n4w.cloudfront.net/gigs/i5eMX1714067178.png?w=715" width="715" loading="lazy" class="css-4l2ynl e1y4fmav2"></div>;e044c6ab-648d-4b1a-9dbc-85708b1d1fdd;https://d2v80xjmx68n4w.cloudfront.net/gigs/SuGuE1715179120.jpg
반도체-배터리-완성차 최종 합격자의 면접 컨설팅;안녕하세요. 저는 반도체-배터리-완성차 대기업에 합격한 대기업3크라운 입니다. 취업 준비대한 기초부터 응용, 그리고 실제로 준비했던 방법들로 조금 더 취업에 빠르게 다가갈 수 있는 방법론을 제시하고자 합니다.;<div class="css-0 e1y4fmav1"><img alt="상세이미지-0" src="https://d2v80xjmx68n4w.cloudfront.net/gigs/j5A6o1668683864.png?w=715" width="715" loading="lazy" class="css-4l2ynl e1y4fmav2"><img alt="상세이미지-1" src="https://d2v80xjmx68n4w.cloudfront.net/gigs/3eNgr1668683868.png?w=715" width="715" loading="lazy" class="css-4l2ynl e1y4fmav2"><img alt="상세이미지-2" src="https://d2v80xjmx68n4w.cloudfront.net/gigs/PkeIy1668683873.png?w=715" width="715" loading="lazy" class="css-4l2ynl e1y4fmav2"><img alt="상세이미지-3" src="https://d2v80xjmx68n4w.cloudfront.net/gigs/RUB1O1668683877.png?w=715" width="715" loading="lazy" class="css-4l2ynl e1y4fmav2"></div>;e044c6ab-648d-4b1a-9dbc-85708b1d1fdd;https://d2v80xjmx68n4w.cloudfront.net/gigs/FzPaW1668683850.jpg
면접 프리패스 하자 / 예상질문 선정 및 답변 멘토링;안녕하세요. 서울대 경제학부 졸업 금융기업 경력 7년차 직장인 멘토로, 다수의 면접관 경력, 보고서 작성 경력을 보유하고 있습니다.;<div class="css-0 e1y4fmav1"><img alt="상세이미지-0" src="https://d2v80xjmx68n4w.cloudfront.net/gigs/siNKZ1717749636.jpg?w=715" width="715" loading="lazy" class="css-4l2ynl e1y4fmav2"><img alt="상세이미지-1" src="https://d2v80xjmx68n4w.cloudfront.net/gigs/mhTHD1718975257.JPG?w=715" width="715" loading="lazy" class="css-4l2ynl e1y4fmav2"><img alt="상세이미지-2" src="https://d2v80xjmx68n4w.cloudfront.net/gigs/ZvrJ01718975262.JPG?w=715" width="715" loading="lazy" class="css-4l2ynl e1y4fmav2"><img alt="상세이미지-3" src="https://d2v80xjmx68n4w.cloudfront.net/gigs/8sMXp1718975265.JPG?w=715" width="715" loading="lazy" class="css-4l2ynl e1y4fmav2"></div>;e044c6ab-648d-4b1a-9dbc-85708b1d1fdd;https://d2v80xjmx68n4w.cloudfront.net/gigs/fOEhO1717749613.jpg
IT기업 기획자가 만든 나만의 노션 포트폴리오 멘토링;안녕하세요. 상서서입니다.;<div class="css-0 e1y4fmav1"><img alt="상세이미지-0" src="https://d2v80xjmx68n4w.cloudfront.net/gigs/9k8hO1705903208.png?w=715" width="715" loading="lazy" class="css-4l2ynl e1y4fmav2"><img alt="상세이미지-1" src="https://d2v80xjmx68n4w.cloudfront.net/gigs/Zs1r11705903210.png?w=715" width="715" loading="lazy" class="css-4l2ynl e1y4fmav2"><img alt="상세이미지-2" src="https://d2v80xjmx68n4w.cloudfront.net/gigs/qHeuK1705903213.png?w=715" width="715" loading="lazy" class="css-4l2ynl e1y4fmav2"><img alt="상세이미지-3" src="https://d2v80xjmx68n4w.cloudfront.net/gigs/BifQy1705903217.png?w=715" width="715" loading="lazy" class="css-4l2ynl e1y4fmav2"></div>;a95fe1d9-db6d-4d17-990c-9920e389e707;https://d2v80xjmx68n4w.cloudfront.net/gigs/eDhbV1705903203.jpg
IT 개발자 이력서, 포트폴리오, 첨삭 및 모의면접;문과 출신으로, 편입, 국비지원 학원을 거쳐 현재 대기업에서 5년차 백엔드 개발자로 일하고 있습니다. (자동차IT대기업, 중견 및 대기업 이커머스 경험) 또한, 전문교육기관 멘토로 200명의 멘티에게 멘토링한 경험도 있습니다.;<div class="css-0 e1y4fmav1"><img alt="상세이미지-0" src="https://d2v80xjmx68n4w.cloudfront.net/gigs/Uldjm1685456200.png?w=715" width="715" loading="lazy" class="css-4l2ynl e1y4fmav2"><img alt="상세이미지-1" src="https://d2v80xjmx68n4w.cloudfront.net/gigs/NhfKn1685515588.jpeg?w=715" width="715" loading="lazy" class="css-4l2ynl e1y4fmav2"><img alt="상세이미지-2" src="https://d2v80xjmx68n4w.cloudfront.net/gigs/xyyTY1698754906.jpeg?w=715" width="715" loading="lazy" class="css-4l2ynl e1y4fmav2"><img alt="상세이미지-3" src="https://d2v80xjmx68n4w.cloudfront.net/gigs/u1Rgq1726648093.png?w=715" width="715" loading="lazy" class="css-4l2ynl e1y4fmav2"><img alt="상세이미지-4" src="https://d2v80xjmx68n4w.cloudfront.net/gigs/bqbjZ1726648197.png?w=715" width="715" loading="lazy" class="css-4l2ynl e1y4fmav2"></div>;a95fe1d9-db6d-4d17-990c-9920e389e707;https://d2v80xjmx68n4w.cloudfront.net/gigs/zUeS11685456587.jpg
UXUI 현직자 디자인 포트폴리오 컨설팅-스타트업대기업;前 핀테크 투자 포트폴리오 공유 플랫폼 회사 Product Design Owner;<div class="css-0 e1y4fmav1"><img alt="상세이미지-0" src="https://d2v80xjmx68n4w.cloudfront.net/gigs/FZalt1641134488.png?w=715" width="715" loading="lazy" class="css-4l2ynl e1y4fmav2"><img alt="상세이미지-1" src="https://d2v80xjmx68n4w.cloudfront.net/gigs/XSHcy1650025103.png?w=715" width="715" loading="lazy" class="css-4l2ynl e1y4fmav2"></div>;a95fe1d9-db6d-4d17-990c-9920e389e707;https://d2v80xjmx68n4w.cloudfront.net/gigs/kEshA1641134460.jpg
면접, 취업 성공할 때까지 무한 멘토링;안녕하세요! 현업 7년차 풀스택개발자 H입니다.; <div class="css-0 e1y4fmav1"><img alt="상세이미지-0" src="https://d2v80xjmx68n4w.cloudfront.net/gigs/myJrs1712303389.png?w=715" width="715" loading="lazy" class="css-4l2ynl e1y4fmav2"><img alt="상세이미지-1" src="https://d2v80xjmx68n4w.cloudfront.net/gigs/yJXGY1712303394.png?w=715" width="715" loading="lazy" class="css-4l2ynl e1y4fmav2"><img alt="상세이미지-2" src="https://d2v80xjmx68n4w.cloudfront.net/gigs/FHI6Q1712303410.png?w=715" width="715" loading="lazy" class="css-4l2ynl e1y4fmav2"><img alt="상세이미지-3" src="https://d2v80xjmx68n4w.cloudfront.net/gigs/UMwV31712303416.png?w=715" width="715" loading="lazy" class="css-4l2ynl e1y4fmav2"><img alt="상세이미지-4" src="https://d2v80xjmx68n4w.cloudfront.net/gigs/Gx6iv1712303425.png?w=715" width="715" loading="lazy" class="css-4l2ynl e1y4fmav2"><img alt="상세이미지-5" src="https://d2v80xjmx68n4w.cloudfront.net/gigs/uAfLi1712303429.png?w=715" width="715" loading="lazy" class="css-4l2ynl e1y4fmav2"><img alt="상세이미지-6" src="https://d2v80xjmx68n4w.cloudfront.net/gigs/xy6Bv1712303444.png?w=715" width="715" loading="lazy" class="css-4l2ynl e1y4fmav2"><img alt="상세이미지-7" src="https://d2v80xjmx68n4w.cloudfront.net/gigs/YwYeh1712303450.png?w=715" width="715" loading="lazy" class="css-4l2ynl e1y4fmav2"><img alt="상세이미지-8" src="https://d2v80xjmx68n4w.cloudfront.net/gigs/IXhzm1712303453.png?w=715" width="715" loading="lazy" class="css-4l2ynl e1y4fmav2"></div>;a95fe1d9-db6d-4d17-990c-9920e389e707;https://d2v80xjmx68n4w.cloudfront.net/gigs/ltfdn1712210642.jpg
취업,이직 무조건 성공하는 포트폴리오 멘토링;여러분 모두가 일잘러가 될 수 있도록 도와드리겠습니다!;<div class="css-0 e1y4fmav1"><img alt="상세이미지-0" src="https://d2v80xjmx68n4w.cloudfront.net/gigs/QoRvf1703846473.png?w=715" width="715" loading="lazy" class="css-4l2ynl e1y4fmav2"><img alt="상세이미지-1" src="https://d2v80xjmx68n4w.cloudfront.net/gigs/LyCFZ1703846473.jpg?w=715" width="715" loading="lazy" class="css-4l2ynl e1y4fmav2"><img alt="상세이미지-2" src="https://d2v80xjmx68n4w.cloudfront.net/gigs/zWexS1703846474.jpg?w=715" width="715" loading="lazy" class="css-4l2ynl e1y4fmav2"><img alt="상세이미지-3" src="https://d2v80xjmx68n4w.cloudfront.net/gigs/x5qtn1703846475.jpg?w=715" width="715" loading="lazy" class="css-4l2ynl e1y4fmav2"><img alt="상세이미지-4" src="https://d2v80xjmx68n4w.cloudfront.net/gigs/DX0at1703846475.jpg?w=715" width="715" loading="lazy" class="css-4l2ynl e1y4fmav2"><img alt="상세이미지-5" src="https://d2v80xjmx68n4w.cloudfront.net/gigs/FV2zs1703846475.jpg?w=715" width="715" loading="lazy" class="css-4l2ynl e1y4fmav2"><img alt="상세이미지-6" src="https://d2v80xjmx68n4w.cloudfront.net/gigs/KiKXa1703846476.jpg?w=715" width="715" loading="lazy" class="css-4l2ynl e1y4fmav2"><img alt="상세이미지-7" src="https://d2v80xjmx68n4w.cloudfront.net/gigs/klaNh1703846476.jpg?w=715" width="715" loading="lazy" class="css-4l2ynl e1y4fmav2"><img alt="상세이미지-8" src="https://d2v80xjmx68n4w.cloudfront.net/gigs/8QFuJ1703846477.jpg?w=715" width="715" loading="lazy" class="css-4l2ynl e1y4fmav2"></div>;361e480b-cf24-4b4b-a812-908cc54618c1;https://d2v80xjmx68n4w.cloudfront.net/gigs/pceKK1703144695.jpg?
마케터 이직 필수템 포트폴리오 멘토링;한국외대, 제주관광공사, 머니투데이 마케팅 실무프로젝트 강의&멘토링 다수;<div class="css-0 e1y4fmav1"><img alt="상세이미지-0" src="https://d2v80xjmx68n4w.cloudfront.net/gigs/aIjP81727365618.png?w=715" width="715" loading="lazy" class="css-4l2ynl e1y4fmav2"><img alt="상세이미지-1" src="https://d2v80xjmx68n4w.cloudfront.net/gigs/BCPSi1727365618.png?w=715" width="715" loading="lazy" class="css-4l2ynl e1y4fmav2"><img alt="상세이미지-2" src="https://d2v80xjmx68n4w.cloudfront.net/gigs/JEbJK1727365619.png?w=715" width="715" loading="lazy" class="css-4l2ynl e1y4fmav2"><img alt="상세이미지-3" src="https://d2v80xjmx68n4w.cloudfront.net/gigs/v6ahT1727541338.png?w=715" width="715" loading="lazy" class="css-4l2ynl e1y4fmav2"><img alt="상세이미지-4" src="https://d2v80xjmx68n4w.cloudfront.net/gigs/TNxKr1727541347.png?w=715" width="715" loading="lazy" class="css-4l2ynl e1y4fmav2"><img alt="상세이미지-5" src="https://d2v80xjmx68n4w.cloudfront.net/gigs/WX7wi1727541354.png?w=715" width="715" loading="lazy" class="css-4l2ynl e1y4fmav2"><img alt="상세이미지-6" src="https://d2v80xjmx68n4w.cloudfront.net/gigs/d5u811727541563.gif?w=715" width="715" loading="lazy" class="css-4l2ynl e1y4fmav2"><img alt="상세이미지-7" src="https://d2v80xjmx68n4w.cloudfront.net/gigs/YuZco1732807802.jpg?w=715" width="715" loading="lazy" class="css-4l2ynl e1y4fmav2"><img alt="상세이미지-8" src="https://d2v80xjmx68n4w.cloudfront.net/gigs/jWvfa1732807808.jpg?w=715" width="715" loading="lazy" class="css-4l2ynl e1y4fmav2"></div>;361e480b-cf24-4b4b-a812-908cc54618c1;https://d2v80xjmx68n4w.cloudfront.net/gigs/cjC7C1727366054.jpg
연봉 2배 올린 마케터의 포트폴리오 멘토링;- 비전공자로 시작했지만 문화, 콘텐츠부터 IT까지, 업종을 넘나들며 이직에 성공한 비결! - 3번의 업종 전환을 진행하며 2배 이상의 연봉이 오르는 성공적인 연봉협상을 진행하는 방법!;<div class="css-0 e1y4fmav1"><img alt="상세이미지-0" src="https://d2v80xjmx68n4w.cloudfront.net/gigs/nNEQa1704030334.png?w=715" width="715" loading="lazy" class="css-4l2ynl e1y4fmav2"><img alt="상세이미지-1" src="https://d2v80xjmx68n4w.cloudfront.net/gigs/Jk4Ry1704030573.png?w=715" width="715" loading="lazy" class="css-4l2ynl e1y4fmav2"><img alt="상세이미지-2" src="https://d2v80xjmx68n4w.cloudfront.net/gigs/upKUz1704030649.png?w=715" width="715" loading="lazy" class="css-4l2ynl e1y4fmav2"></div>;361e480b-cf24-4b4b-a812-908cc54618c1;https://d2v80xjmx68n4w.cloudfront.net/gigs/6qe0P1721894555.jpg
콘텐츠 마케터 합격 비결;- 현 성인교육업 분야 4년차 기획자 겸 마케터입니다. - 클래스 전문 상세페이지 기획 및 디자인 외주 업무 진행하고 있습니다.;<div class="css-0 e1y4fmav1"><img alt="상세이미지-0" src="https://d2v80xjmx68n4w.cloudfront.net/gigs/Kg7mK1713345331.jpg?w=715" width="715" loading="lazy" class="css-4l2ynl e1y4fmav2"><img alt="상세이미지-1" src="https://d2v80xjmx68n4w.cloudfront.net/gigs/GEBSM1713345331.jpg?w=715" width="715" loading="lazy" class="css-4l2ynl e1y4fmav2"></div>;361e480b-cf24-4b4b-a812-908cc54618c1;https://d2v80xjmx68n4w.cloudfront.net/gigs/cVZJp1713345169.jpg
PM/기획자의 포트폴리오 바이블;대기업부터 스타트업까지 모두 경험한, 현직 PM의 포트폴리오 멘토링입니다.;<div class="css-0 e1y4fmav1"><img alt="상세이미지-0" src="https://d2v80xjmx68n4w.cloudfront.net/gigs/iCgMa1718199476.png?w=715" width="715" loading="lazy" class="css-4l2ynl e1y4fmav2"><img alt="상세이미지-1" src="https://d2v80xjmx68n4w.cloudfront.net/gigs/Vkk9m1718199523.png?w=715" width="715" loading="lazy" class="css-4l2ynl e1y4fmav2"><img alt="상세이미지-2" src="https://d2v80xjmx68n4w.cloudfront.net/gigs/NNrbe1718199610.png?w=715" width="715" loading="lazy" class="css-4l2ynl e1y4fmav2"><img alt="상세이미지-3" src="https://d2v80xjmx68n4w.cloudfront.net/gigs/KUKjL1718199613.png?w=715" width="715" loading="lazy" class="css-4l2ynl e1y4fmav2"><img alt="상세이미지-4" src="https://d2v80xjmx68n4w.cloudfront.net/gigs/2e02e1718199638.png?w=715" width="715" loading="lazy" class="css-4l2ynl e1y4fmav2"><img alt="상세이미지-5" src="https://d2v80xjmx68n4w.cloudfront.net/gigs/XO2N81718199686.png?w=715" width="715" loading="lazy" class="css-4l2ynl e1y4fmav2"><img alt="상세이미지-6" src="https://d2v80xjmx68n4w.cloudfront.net/gigs/hASas1718199691.png?w=715" width="715" loading="lazy" class="css-4l2ynl e1y4fmav2"><img alt="상세이미지-7" src="https://d2v80xjmx68n4w.cloudfront.net/gigs/qRSsz1730813240.png?w=715" width="715" loading="lazy" class="css-4l2ynl e1y4fmav2"><img alt="상세이미지-8" src="https://d2v80xjmx68n4w.cloudfront.net/gigs/jHWVw1730813245.png?w=715" width="715" loading="lazy" class="css-4l2ynl e1y4fmav2"></div>;361e480b-cf24-4b4b-a812-908cc54618c1;https://d2v80xjmx68n4w.cloudfront.net/gigs/nIThT1731215150.jpg
100프로 합격했던 디자인유학 포트폴리오 5단계 설계법;반갑습니다! 저는 네덜란드와 영국 런던에서 디자인을 공부하고 최근에 런던예술대학교, Central Saint Martin에서 석사 졸업을헀습니다. 현재는 런던 소재 명품 패션 대기업에서 주니어 아트디렉터로 일하고 있습니다. 비전공자로 시작하여 이 자리까지 오기까지 어려움이 많았기에 그 위치에서 조금 더 걸어온 제가 과거의 저와 같은 분들에게 도움이 되고싶습니다.;<div><img alt="상세이미지-0" src="https://d2v80xjmx68n4w.cloudfront.net/gigs/1FJbj1671193203.png?w=715" width="715" loading="lazy"><img alt="상세이미지-1" src="https://d2v80xjmx68n4w.cloudfront.net/gigs/e5KyA1671193204.png?w=715" width="715" loading="lazy"><img alt="상세이미지-2" src="https://d2v80xjmx68n4w.cloudfront.net/gigs/NIE8U1671193207.png?w=715" width="715" loading="lazy"><img alt="상세이미지-3" src="https://d2v80xjmx68n4w.cloudfront.net/gigs/yUnmn1671193208.png?w=715" width="715" loading="lazy"><img alt="상세이미지-4" src="https://d2v80xjmx68n4w.cloudfront.net/gigs/3a0TQ1671193210.png?w=715" width="715" loading="lazy"><img alt="상세이미지-5" src="https://d2v80xjmx68n4w.cloudfront.net/gigs/azm1I1671193211.png?w=715" width="715" loading="lazy"></div>;0014bb55-e534-49c5-a3fe-c01b9eacac9b;https://d2v80xjmx68n4w.cloudfront.net/gigs/n78Hb1670867245.jpg
대학원입시 및 취업이직 성공 맞춤형 포트폴리오 멘토링;안녕하세요, 저는 학부, 석사, 박사 모두 건축학을 전공하였고, 졸업후 건축설계사무소와 인테리어 설계회사를 근무하고, 이후 건축사 자격증을 취득한 이후 건축사 설계 사무소를 운영하다가 지금은 대학에서 강의를 업으로 삼고 있는 사람입니다.;<div class="css-0 e1y4fmav1"><img alt="상세이미지-0" src="https://d2v80xjmx68n4w.cloudfront.net/gigs/b85Ce1725409895.JPG?w=715" width="715" loading="lazy" class="css-4l2ynl e1y4fmav2"><img alt="상세이미지-1" src="https://d2v80xjmx68n4w.cloudfront.net/gigs/mKy3u1725409996.jpg?w=715" width="715" loading="lazy" class="css-4l2ynl e1y4fmav2"><img alt="상세이미지-2" src="https://d2v80xjmx68n4w.cloudfront.net/gigs/hA6sn1725410006.jpg?w=715" width="715" loading="lazy" class="css-4l2ynl e1y4fmav2"><img alt="상세이미지-3" src="https://d2v80xjmx68n4w.cloudfront.net/gigs/94TVc1725410019.jpg?w=715" width="715" loading="lazy" class="css-4l2ynl e1y4fmav2"></div>;0014bb55-e534-49c5-a3fe-c01b9eacac9b;https://d2v80xjmx68n4w.cloudfront.net/gigs/op8Vq1725409668.jpg
건축 포트폴리오 멘토링 /취업 / 대학원 / 유학;건축 유학 / 포트폴리오 전문지도 / 포트폴리오 리뷰;<div class="css-0 e1y4fmav1"><img alt="상세이미지-0" src="https://d2v80xjmx68n4w.cloudfront.net/gigs/vtIyx1715059728.jpg?w=715" width="715" loading="lazy" class="css-4l2ynl e1y4fmav2"><img alt="상세이미지-1" src="https://d2v80xjmx68n4w.cloudfront.net/gigs/QwXlQ1715059786.jpg?w=715" width="715" loading="lazy" class="css-4l2ynl e1y4fmav2"><img alt="상세이미지-2" src="https://d2v80xjmx68n4w.cloudfront.net/gigs/Zc5LM1715059814.jpg?w=715" width="715" loading="lazy" class="css-4l2ynl e1y4fmav2"><img alt="상세이미지-3" src="https://d2v80xjmx68n4w.cloudfront.net/gigs/CsKfY1715059828.jpg?w=715" width="715" loading="lazy" class="css-4l2ynl e1y4fmav2"></div>;a88f1f11-e0b8-4c5e-a2c4-e57e4b8cf52e;https://d2v80xjmx68n4w.cloudfront.net/gigs/uZOIW1732597523.jpg
前영국대학 교수, 영미권 학사,석사,박사 유학 멘토링;영국 London School of Economics and Political Science (LSE) 출신 박사;<div class="css-0 e1y4fmav1"><img alt="상세이미지-0" src="https://d2v80xjmx68n4w.cloudfront.net/gigs/OyzPT1672015649.jpg?w=715" width="715" loading="lazy" class="css-4l2ynl e1y4fmav2"></div>;a88f1f11-e0b8-4c5e-a2c4-e57e4b8cf52e;https://d2v80xjmx68n4w.cloudfront.net/gigs/FMDTp1672015547.jpg
장학금 받는 유학 포트폴리오 멘토링;안녕하세요. 공간디자이너로 일하고 있는 Hazel Young입니다. 미국 대학 입시 스토리를 책으로 공유드리고 있어요.;<div class="css-0 e1y4fmav1"><img alt="상세이미지-0" src="https://d2v80xjmx68n4w.cloudfront.net/gigs/l7Fij1724682182.jpg?w=715" width="715" loading="lazy" class="css-4l2ynl e1y4fmav2"></div>;ec306976-68ba-441f-9f6e-46e80416b500;https://d2v80xjmx68n4w.cloudfront.net/gigs/qAtOx1725120299.jpg
평범하지 않은, 맞춤형 포트폴리오를 멘토링 해드려요.;포트폴리오를 디자인해드립니다.;<div class="css-0 e1y4fmav1"><img alt="상세이미지-0" src="https://d2v80xjmx68n4w.cloudfront.net/gigs/xop6X1693188348.jpg?w=715" width="715" loading="lazy" class="css-4l2ynl e1y4fmav2"><img alt="상세이미지-1" src="https://d2v80xjmx68n4w.cloudfront.net/gigs/lAtLB1693188436.jpg?w=715" width="715" loading="lazy" class="css-4l2ynl e1y4fmav2"><img alt="상세이미지-2" src="https://d2v80xjmx68n4w.cloudfront.net/gigs/YecIC1693188439.jpg?w=715" width="715" loading="lazy" class="css-4l2ynl e1y4fmav2"><img alt="상세이미지-3" src="https://d2v80xjmx68n4w.cloudfront.net/gigs/OD0ci1693188442.jpg?w=715" width="715" loading="lazy" class="css-4l2ynl e1y4fmav2"></div>;51a6317b-b82e-4b45-a5af-583572fa41bd;https://d2v80xjmx68n4w.cloudfront.net/gigs/5WLnh1681185008.jpg
6개월 안에 UXUI디자인 포트폴리오 만들기;UXUI디자인 교육, 컨설팅 ● 비전공자, 초보가 빠르게 취업하는 방법은? 맞춤&거꾸로 전략!;<div class="css-0 e1y4fmav1"><img alt="상세이미지-0" src="https://d2v80xjmx68n4w.cloudfront.net/gigs/vbwWp1695537939.png?w=715" width="715" loading="lazy" class="css-4l2ynl e1y4fmav2"><img alt="상세이미지-1" src="https://d2v80xjmx68n4w.cloudfront.net/gigs/fifJD1695537942.png?w=715" width="715" loading="lazy" class="css-4l2ynl e1y4fmav2"><img alt="상세이미지-2" src="https://d2v80xjmx68n4w.cloudfront.net/gigs/9MQGc1695537945.png?w=715" width="715" loading="lazy" class="css-4l2ynl e1y4fmav2"><img alt="상세이미지-3" src="https://d2v80xjmx68n4w.cloudfront.net/gigs/M7uei1695537948.png?w=715" width="715" loading="lazy" class="css-4l2ynl e1y4fmav2"><img alt="상세이미지-4" src="https://d2v80xjmx68n4w.cloudfront.net/gigs/R2NkB1695539192.png?w=715" width="715" loading="lazy" class="css-4l2ynl e1y4fmav2"><img alt="상세이미지-5" src="https://d2v80xjmx68n4w.cloudfront.net/gigs/F5lJy1695539203.png?w=715" width="715" loading="lazy" class="css-4l2ynl e1y4fmav2"><img alt="상세이미지-6" src="https://d2v80xjmx68n4w.cloudfront.net/gigs/yI6Lt1695539269.png?w=715" width="715" loading="lazy" class="css-4l2ynl e1y4fmav2"><img alt="상세이미지-7" src="https://d2v80xjmx68n4w.cloudfront.net/gigs/pN81K1695539273.png?w=715" width="715" loading="lazy" class="css-4l2ynl e1y4fmav2"></div>;18391545-3fa4-43c9-a54a-fc3aca023759;https://d2v80xjmx68n4w.cloudfront.net/gigs/iuySA1696736084.jpg
1000대기업 정규직 디자이너 실제 합격 포트폴리오;디자인 전공 졸업 후 1000대기업에서 근무중인 현직 정규직 디자이너입니다.;<div class="css-0 e1y4fmav1"><img alt="상세이미지-0" src="https://d2v80xjmx68n4w.cloudfront.net/gigs/A6E9L1682299521.jpeg?w=715" width="715" loading="lazy" class="css-4l2ynl e1y4fmav2"><img alt="상세이미지-1" src="https://d2v80xjmx68n4w.cloudfront.net/gigs/HrRWV1682299527.jpeg?w=715" width="715" loading="lazy" class="css-4l2ynl e1y4fmav2"><img alt="상세이미지-2" src="https://d2v80xjmx68n4w.cloudfront.net/gigs/TDxC21682299530.jpeg?w=715" width="715" loading="lazy" class="css-4l2ynl e1y4fmav2"><img alt="상세이미지-3" src="https://d2v80xjmx68n4w.cloudfront.net/gigs/aUJWL1682299535.jpeg?w=715" width="715" loading="lazy" class="css-4l2ynl e1y4fmav2"><img alt="상세이미지-4" src="https://d2v80xjmx68n4w.cloudfront.net/gigs/vyDZL1682299543.jpeg?w=715" width="715" loading="lazy" class="css-4l2ynl e1y4fmav2"><img alt="상세이미지-5" src="https://d2v80xjmx68n4w.cloudfront.net/gigs/Miroi1682299546.jpeg?w=715" width="715" loading="lazy" class="css-4l2ynl e1y4fmav2"><img alt="상세이미지-6" src="https://d2v80xjmx68n4w.cloudfront.net/gigs/WAo3E1682299549.jpeg?w=715" width="715" loading="lazy" class="css-4l2ynl e1y4fmav2"><img alt="상세이미지-7" src="https://d2v80xjmx68n4w.cloudfront.net/gigs/xgLPG1682299555.jpeg?w=715" width="715" loading="lazy" class="css-4l2ynl e1y4fmav2"><img alt="상세이미지-8" src="https://d2v80xjmx68n4w.cloudfront.net/gigs/96UHy1682299558.jpeg?w=715" width="715" loading="lazy" class="css-4l2ynl e1y4fmav2"></div>;1c736e98-aa22-4627-bb8e-f5564b165808;https://d2v80xjmx68n4w.cloudfront.net/gigs/0HyPH1682301257.jpg
대기업/유니콘 스타트업에 합격한 디자이너 포트폴리오;안녕하세요 7년차 디자이너 코코피 입니다.;<div class="css-0 e1y4fmav1"><img alt="상세이미지-0" src="https://d2v80xjmx68n4w.cloudfront.net/gigs/E23Wr1729094131.JPG?w=715" width="715" loading="lazy" class="css-4l2ynl e1y4fmav2"><img alt="상세이미지-1" src="https://d2v80xjmx68n4w.cloudfront.net/gigs/kXF4p1729094137.png?w=715" width="715" loading="lazy" class="css-4l2ynl e1y4fmav2"><img alt="상세이미지-2" src="https://d2v80xjmx68n4w.cloudfront.net/gigs/yn0z41729094165.png?w=715" width="715" loading="lazy" class="css-4l2ynl e1y4fmav2"><img alt="상세이미지-3" src="https://d2v80xjmx68n4w.cloudfront.net/gigs/cMRiM1729094173.JPG?w=715" width="715" loading="lazy" class="css-4l2ynl e1y4fmav2"><img alt="상세이미지-4" src="https://d2v80xjmx68n4w.cloudfront.net/gigs/gtURG1729094187.jpg?w=715" width="715" loading="lazy" class="css-4l2ynl e1y4fmav2"><img alt="상세이미지-5" src="https://d2v80xjmx68n4w.cloudfront.net/gigs/D35BZ1729094197.jpg?w=715" width="715" loading="lazy" class="css-4l2ynl e1y4fmav2"><img alt="상세이미지-6" src="https://d2v80xjmx68n4w.cloudfront.net/gigs/1XI851729094207.png?w=715" width="715" loading="lazy" class="css-4l2ynl e1y4fmav2"><img alt="상세이미지-7" src="https://d2v80xjmx68n4w.cloudfront.net/gigs/kwNcr1729094212.png?w=715" width="715" loading="lazy" class="css-4l2ynl e1y4fmav2"><img alt="상세이미지-8" src="https://d2v80xjmx68n4w.cloudfront.net/gigs/puok61729094217.png?w=715" width="715" loading="lazy" class="css-4l2ynl e1y4fmav2"></div>;e02eba8f-605d-4112-b8b6-9af962f14dd0;https://d2v80xjmx68n4w.cloudfront.net/gigs/OKybn1729093882.jpg
대기업 현업 UX디자이너의 포트폴리오 멘토링 해드립니다.현재 글로벌 대기업 서비스기획자로 근무하고 있습니다. 다수의 서비스기획 프로젝트를 진행하였고 UI, UX 분야에 전문성을 갖고 있습니다.;<div class="css-0 e1y4fmav1"><img alt="상세이미지-0" src="https://d2v80xjmx68n4w.cloudfront.net/gigs/ZtSX91638318418.jpg?w=715" width="715" loading="lazy" class="css-4l2ynl e1y4fmav2"><img alt="상세이미지-1" src="https://d2v80xjmx68n4w.cloudfront.net/gigs/drY8F1638318630.jpg?w=715" width="715" loading="lazy" class="css-4l2ynl e1y4fmav2"><img alt="상세이미지-2" src="https://d2v80xjmx68n4w.cloudfront.net/gigs/ru9Sp1638318649.jpg?w=715" width="715" loading="lazy" class="css-4l2ynl e1y4fmav2"><img alt="상세이미지-3" src="https://d2v80xjmx68n4w.cloudfront.net/gigs/ywAhf1638318654.jpg?w=715" width="715" loading="lazy" class="css-4l2ynl e1y4fmav2"></div>;18391545-3fa4-43c9-a54a-fc3aca023759;https://d2v80xjmx68n4w.cloudfront.net/gigs/VlU2k1638521204.jpg
패션,그래픽 디자이너 포트폴리오 노하우알려 드립니다.;안녕하세요 의류, 그래픽 디자이너 고지모지입니다 :D;<div><img alt="상세이미지-0" src="https://d2v80xjmx68n4w.cloudfront.net/gigs/My9Zu1665035947.jpg?w=715" width="715" loading="lazy"><img alt="상세이미지-1" src="https://d2v80xjmx68n4w.cloudfront.net/gigs/ZQGqt1665035949.jpg?w=715" width="715" loading="lazy"><img alt="상세이미지-2" src="https://d2v80xjmx68n4w.cloudfront.net/gigs/kG75n1665035952.jpg?w=715" width="715" loading="lazy"><img alt="상세이미지-3" src="https://d2v80xjmx68n4w.cloudfront.net/gigs/b3PSz1665035955.jpg?w=715" width="715" loading="lazy"><img alt="상세이미지-4" src="https://d2v80xjmx68n4w.cloudfront.net/gigs/WPpZw1665035958.jpg?w=715" width="715" loading="lazy"><img alt="상세이미지-5" src="https://d2v80xjmx68n4w.cloudfront.net/gigs/mmjHi1665035961.jpg?w=715" width="715" loading="lazy"></div>;a0a5ef1b-a6fc-4ed7-b861-036d7b8667f8;https://d2v80xjmx68n4w.cloudfront.net/gigs/zXbSd1604589715.jpg
삼성SKLG 배터리회사의 서류합격의 모든 것;배터리선배입니다. 저 또한 취업준비를 하면서 많은 어려움과 좌절, 막막함이 있었습니다. 제가 축적한 노하우, 꿀팁들을 여러분들께 공유하겠습니다.;<div class="css-0 e1y4fmav1"><img alt="상세이미지-0" src="https://d2v80xjmx68n4w.cloudfront.net/gigs/38BEV1715756356.jpg?w=715" width="715" loading="lazy" class="css-4l2ynl e1y4fmav2"></div>;3ce01234-c1f4-4bbc-9be1-39ef7736cce4;https://d2v80xjmx68n4w.cloudfront.net/gigs/BNADy1715756334.jpg
데이터 분석가 포트폴리오 작성법;경제학과를 졸업하였으며, CRM 데이터 분석가 및 컨설턴트로 직장생활을 시작했습니다. 현재는 쿠팡 비즈니스 데이터 분석가입니다.;<div><img alt="상세이미지-0" src="https://d2v80xjmx68n4w.cloudfront.net/gigs/GMdHb1725303592.png?w=715" width="715" loading="lazy"></div>;e02eba8f-605d-4112-b8b6-9af962f14dd0;https://d2v80xjmx68n4w.cloudfront.net/gigs/MP60h1725305193.jpg
삼성/LG연구원 현직이 전하는공대생 취업 종합 멘토링;한zip으로끝공대생 취업 종합핵심서;<div class="css-0 e1y4fmav1"><img alt="상세이미지-0" src="https://d2v80xjmx68n4w.cloudfront.net/gigs/d0UM71703516972.png?w=715" width="715" loading="lazy" class="css-4l2ynl e1y4fmav2"><img alt="상세이미지-1" src="https://d2v80xjmx68n4w.cloudfront.net/gigs/HhrYQ1703516973.png?w=715" width="715" loading="lazy" class="css-4l2ynl e1y4fmav2"><img alt="상세이미지-2" src="https://d2v80xjmx68n4w.cloudfront.net/gigs/ca6681703516974.png?w=715" width="715" loading="lazy" class="css-4l2ynl e1y4fmav2"><img alt="상세이미지-3" src="https://d2v80xjmx68n4w.cloudfront.net/gigs/uAkp51703516975.png?w=715" width="715" loading="lazy" class="css-4l2ynl e1y4fmav2"><img alt="상세이미지-4" src="https://d2v80xjmx68n4w.cloudfront.net/gigs/niq3Q1703516976.png?w=715" width="715" loading="lazy" class="css-4l2ynl e1y4fmav2"><img alt="상세이미지-5" src="https://d2v80xjmx68n4w.cloudfront.net/gigs/DQ3y21703516977.png?w=715" width="715" loading="lazy" class="css-4l2ynl e1y4fmav2"><img alt="상세이미지-6" src="https://d2v80xjmx68n4w.cloudfront.net/gigs/8bxj21703516978.png?w=715" width="715" loading="lazy" class="css-4l2ynl e1y4fmav2"><img alt="상세이미지-7" src="https://d2v80xjmx68n4w.cloudfront.net/gigs/8GgmG1710654759.png?w=715" width="715" loading="lazy" class="css-4l2ynl e1y4fmav2"><img alt="상세이미지-8" src="https://d2v80xjmx68n4w.cloudfront.net/gigs/TTfZU1710654760.png?w=715" width="715" loading="lazy" class="css-4l2ynl e1y4fmav2"></div>;37b07322-da8b-4f15-8c09-c1cc1ccb8b1b;https://d2v80xjmx68n4w.cloudfront.net/gigs/mtX471703597922.jpg
데이터 분석 취업 멘토링;안녕하세요 한국외국어대학교 경영정보학과 졸업 후 현재 IT 스타트업에서 3년차 앱 데이터 분석가로 근무 중입니다. 어뎁터스에서 대략 4년 정도 프리랜서로 활동하고 있고, 다수의 데이터 분석 경험을 바탕으로 서비스를 제공하고 있습니다.;<div class="css-0 e1y4fmav1"><img alt="상세이미지-0" src="https://d2v80xjmx68n4w.cloudfront.net/gigs/AQrsf1704900196.png?w=715" width="715" loading="lazy" class="css-4l2ynl e1y4fmav2"></div>;https://d2v80xjmx68n4w.cloudfront.net/gigs/NeM691704899464.jpg
탑티어 금융권 펀드매니저/CFA의 취업/면접 멘토링;現 University of Cambridge 前 대기업 해외법인;<div class="css-0 e1y4fmav1"><img alt="상세이미지-0" src="https://d2v80xjmx68n4w.cloudfront.net/gigs/WFkNX1726213858.png?w=715" width="715" loading="lazy" class="css-4l2ynl e1y4fmav2"><img alt="상세이미지-1" src="https://d2v80xjmx68n4w.cloudfront.net/gigs/hYX8z1726213883.png?w=715" width="715" loading="lazy" class="css-4l2ynl e1y4fmav2"><img alt="상세이미지-2" src="https://d2v80xjmx68n4w.cloudfront.net/gigs/HYtHW1726213883.png?w=715" width="715" loading="lazy" class="css-4l2ynl e1y4fmav2"><img alt="상세이미지-3" src="https://d2v80xjmx68n4w.cloudfront.net/gigs/tVW411726213883.png?w=715" width="715" loading="lazy" class="css-4l2ynl e1y4fmav2"><img alt="상세이미지-4" src="https://d2v80xjmx68n4w.cloudfront.net/gigs/BawQU1726213884.png?w=715" width="715" loading="lazy" class="css-4l2ynl e1y4fmav2"><img alt="상세이미지-5" src="https://d2v80xjmx68n4w.cloudfront.net/gigs/PadRz1726213884.png?w=715" width="715" loading="lazy" class="css-4l2ynl e1y4fmav2"><img alt="상세이미지-6" src="https://d2v80xjmx68n4w.cloudfront.net/gigs/NS9cS1726213884.png?w=715" width="715" loading="lazy" class="css-4l2ynl e1y4fmav2"><img alt="상세이미지-7" src="https://d2v80xjmx68n4w.cloudfront.net/gigs/CKQsS1726213887.png?w=715" width="715" loading="lazy" class="css-4l2ynl e1y4fmav2"><img alt="상세이미지-8" src="https://d2v80xjmx68n4w.cloudfront.net/gigs/EZ8aA1726213890.png?w=715" width="715" loading="lazy" class="css-4l2ynl e1y4fmav2"></div>;e02eba8f-605d-4112-b8b6-9af962f14dd0;https://d2v80xjmx68n4w.cloudfront.net/gigs/UqGEA1724735312.jpg;
밑바닥부터 6개월만에 네카라쿠배 합격했던 방법;# 전공 공부만 했던 상태에서 취업 준비를 시작한지 6개월만에 네카라쿠배 개발자가 됐습니다.;<div><img alt="상세이미지-0" src="https://d2v80xjmx68n4w.cloudfront.net/gigs/A8EWL1709443363.png?w=715" width="715" loading="lazy"><img alt="상세이미지-1" src="https://d2v80xjmx68n4w.cloudfront.net/gigs/ktQiy1709443368.png?w=715" width="715" loading="lazy"><img alt="상세이미지-2" src="https://d2v80xjmx68n4w.cloudfront.net/gigs/kY5Vv1709443375.png?w=715" width="715" loading="lazy"><img alt="상세이미지-3" src="https://d2v80xjmx68n4w.cloudfront.net/gigs/NiQSo1709443378.png?w=715" width="715" loading="lazy"></div>;9e14a8f5-9ad3-4bfe-988f-1361dfc31f58;https://d2v80xjmx68n4w.cloudfront.net/gigs/1l1r31691194696.jpg
인공지능, AI 개발 이력서 멘토링;안녕하세요. 소프트웨어학과(학사) / 인공지능학과(석사) 취득 후 대기업에 재직중이며 데이터 사이언티스트로 일하고 있습니다.;<div class="css-0 e1y4fmav1"><img alt="상세이미지-0" src="https://d2v80xjmx68n4w.cloudfront.net/gigs/EQYNj1718794123.png?w=715" width="715" loading="lazy" class="css-4l2ynl e1y4fmav2"><img alt="상세이미지-1" src="https://d2v80xjmx68n4w.cloudfront.net/gigs/mUqsN1719322922.jpg?w=715" width="715" loading="lazy" class="css-4l2ynl e1y4fmav2"><img alt="상세이미지-2" src="https://d2v80xjmx68n4w.cloudfront.net/gigs/mc5gb1719323278.jpg?w=715" width="715" loading="lazy" class="css-4l2ynl e1y4fmav2"><img alt="상세이미지-3" src="https://d2v80xjmx68n4w.cloudfront.net/gigs/GzFM21719323280.jpg?w=715" width="715" loading="lazy" class="css-4l2ynl e1y4fmav2"></div>;740273e5-7e1b-4c0b-bac1-d0a0220c1d77;https://d2v80xjmx68n4w.cloudfront.net/gigs/X6cnc1718794031.jpg
대기업 개발자의 일대일 이력서 완벽 멘토링;현직 IT 개발자 모리네 입니다.;<div class="css-0 e1y4fmav1"><img alt="상세이미지-0" src="https://d2v80xjmx68n4w.cloudfront.net/gigs/Gb6M51670497016.jpg?w=715" width="715" loading="lazy" class="css-4l2ynl e1y4fmav2"></div>;67e846f6-79c9-4b4e-9df7-a8ef1859cf0f;https://d2v80xjmx68n4w.cloudfront.net/gigs/LBJ6e1670496986.jpg
비개발자 IT 커리어 설계 및 이력서 멘토링;선배 Kim 현 Amazon (AWS) Business Development;<div class="css-0 e1y4fmav1"><img alt="상세이미지-0" src="https://d2v80xjmx68n4w.cloudfront.net/gigs/uay661629763141.jpg?w=715" width="715" loading="lazy" class="css-4l2ynl e1y4fmav2"></div>;89e64528-fe69-4ec1-ae37-1747352800e6;https://d2v80xjmx68n4w.cloudfront.net/gigs/LBJ6e1670496986.jpg
합격률 높은 개발자 이력서 및 포폴 작성 가이드;현) 국내 1등 PG사에서 백엔드 및 데이터 엔지니어링 파트를 담당하고 있는 6년차 개발자 현) 국내 개발자 채용 사이트  및 부트캠프에서 백엔드 강사 및 멘토로 활동중;<div class="css-0 e1y4fmav1"><img alt="상세이미지-0" src="https://d2v80xjmx68n4w.cloudfront.net/gigs/iIwds1700964251.png?w=715" width="715" loading="lazy" class="css-4l2ynl e1y4fmav2"><img alt="상세이미지-1" src="https://d2v80xjmx68n4w.cloudfront.net/gigs/ngcZ21700964251.png?w=715" width="715" loading="lazy" class="css-4l2ynl e1y4fmav2"><img alt="상세이미지-2" src="https://d2v80xjmx68n4w.cloudfront.net/gigs/1ALR11700964251.png?w=715" width="715" loading="lazy" class="css-4l2ynl e1y4fmav2"></div>;447aaba8-e6f2-44eb-bc10-dd78ac234938;https://d2v80xjmx68n4w.cloudfront.net/gigs/Cu29A1700964243.jpg
마케팅 취업 이력서 멘토링;8년차 현직 마케터 이지은입니다. - 브랜드, 커머스,  IT 플랫폼 마케팅 실무 경험 보유;<div class="css-0 e1y4fmav1"><img alt="상세이미지-0" src="https://d2v80xjmx68n4w.cloudfront.net/gigs/dD0vx1695814608.JPG?w=715" width="715" loading="lazy" class="css-4l2ynl e1y4fmav2"><img alt="상세이미지-1" src="https://d2v80xjmx68n4w.cloudfront.net/gigs/F651L1695814660.JPG?w=715" width="715" loading="lazy" class="css-4l2ynl e1y4fmav2"></div>;b04dfe0c-1063-4dcc-bddf-63b76c154c20;https://d2v80xjmx68n4w.cloudfront.net/gigs/CZzjq1695814604.jpg
외국계 광고마케팅 현직자의 이력서 멘토링;서울여자대학교 경영학과 졸업 2021~ 외국계 미디어 대행사 GroupM (재직 중);<div class="css-0 e1y4fmav1"><img alt="상세이미지-0" src="https://d2v80xjmx68n4w.cloudfront.net/gigs/Jkv9c1706343403.png?w=715" width="715" loading="lazy" class="css-4l2ynl e1y4fmav2"><img alt="상세이미지-1" src="https://d2v80xjmx68n4w.cloudfront.net/gigs/qk1SI1706343404.png?w=715" width="715" loading="lazy" class="css-4l2ynl e1y4fmav2"><img alt="상세이미지-2" src="https://d2v80xjmx68n4w.cloudfront.net/gigs/H6l4p1706343404.png?w=715" width="715" loading="lazy" class="css-4l2ynl e1y4fmav2"><img alt="상세이미지-3" src="https://d2v80xjmx68n4w.cloudfront.net/gigs/etFjA1706343405.png?w=715" width="715" loading="lazy" class="css-4l2ynl e1y4fmav2"><img alt="상세이미지-4" src="https://d2v80xjmx68n4w.cloudfront.net/gigs/DUFxU1706343405.png?w=715" width="715" loading="lazy" class="css-4l2ynl e1y4fmav2"><img alt="상세이미지-5" src="https://d2v80xjmx68n4w.cloudfront.net/gigs/aldor1706343405.png?w=715" width="715" loading="lazy" class="css-4l2ynl e1y4fmav2"><img alt="상세이미지-6" src="https://d2v80xjmx68n4w.cloudfront.net/gigs/Afdqk1706343406.png?w=715" width="715" loading="lazy" class="css-4l2ynl e1y4fmav2"></div>;f326d532-99dd-4ed1-82d0-4ed3fe4794ab;https://d2v80xjmx68n4w.cloudfront.net/gigs/tMsNR1705851386.jpg
돋보이는 이력서 "노션 포트폴리오"를 멘토링 해드립니다;안녕하세요~ 디지털노마드를 이루다의 "노마드루다"입니다;<div class="css-0 e1y4fmav1"><img alt="상세이미지-0" src="https://d2v80xjmx68n4w.cloudfront.net/gigs/JyS761676449354.png?w=715" width="715" loading="lazy" class="css-4l2ynl e1y4fmav2"><img alt="상세이미지-1" src="https://d2v80xjmx68n4w.cloudfront.net/gigs/UwxOu1676449358.png?w=715" width="715" loading="lazy" class="css-4l2ynl e1y4fmav2"></div>;86d56195-d2fc-417b-b588-aaf9e8ccebf9;https://d2v80xjmx68n4w.cloudfront.net/gigs/9srWT1676451580.jpg
이직하면서 연봉 UP하는 경력소개서;안녕하세요 마런스입니다. 20년 동안 광고대행사에서 근무했으며 경쟁 입찰 기획 및 발표 업무를 담당했었습니다.;<div class="css-0 e1y4fmav1"><img alt="상세이미지-0" src="https://d2v80xjmx68n4w.cloudfront.net/gigs/Ekncl1624000002.png?w=715" width="715" loading="lazy" class="css-4l2ynl e1y4fmav2"><img alt="상세이미지-1" src="https://d2v80xjmx68n4w.cloudfront.net/gigs/OUrj61624000006.png?w=715" width="715" loading="lazy" class="css-4l2ynl e1y4fmav2"><img alt="상세이미지-2" src="https://d2v80xjmx68n4w.cloudfront.net/gigs/Sc49f1624000010.png?w=715" width="715" loading="lazy" class="css-4l2ynl e1y4fmav2"></div>;c4986d52-d021-43a4-83ed-9af13b61896f;https://d2v80xjmx68n4w.cloudfront.net/gigs/rEOn21646127387.jpg
매력있는 마케터 이력서 양식PPT, 수정까지 멘토링 해드립니다.;[맥락을 이해해서 전달력 있게 만들어 드립니다] 안녕하세요, 디자이너 미첼입니다.;<div class="css-0 e1y4fmav1"><img alt="상세이미지-0" src="https://d2v80xjmx68n4w.cloudfront.net/gigs/NxHUA1672826008.png?w=715" width="715" loading="lazy" class="css-4l2ynl e1y4fmav2"><img alt="상세이미지-1" src="https://d2v80xjmx68n4w.cloudfront.net/gigs/oubGL1672826295.png?w=715" width="715" loading="lazy" class="css-4l2ynl e1y4fmav2"><img alt="상세이미지-2" src="https://d2v80xjmx68n4w.cloudfront.net/gigs/P6l921672826299.png?w=715" width="715" loading="lazy" class="css-4l2ynl e1y4fmav2"><img alt="상세이미지-3" src="https://d2v80xjmx68n4w.cloudfront.net/gigs/SwUaL1672826491.png?w=715" width="715" loading="lazy" class="css-4l2ynl e1y4fmav2"><img alt="상세이미지-4" src="https://d2v80xjmx68n4w.cloudfront.net/gigs/ldTZV1672826495.png?w=715" width="715" loading="lazy" class="css-4l2ynl e1y4fmav2"></div>;86d56195-d2fc-417b-b588-aaf9e8ccebf9;https://d2v80xjmx68n4w.cloudfront.net/gigs/KqFcp1672825547.jpg
바쁜 UIUX 디자이너를 위한 이력서;모든 디자인은 설득입니다. 설득력있고 논리적인 디자인을 찾으신다면 저에게 연락주세요.;<div><img alt="상세이미지-0" src="https://d2v80xjmx68n4w.cloudfront.net/gigs/GcHzf1724557826.jpg?w=715" width="715" loading="lazy"><img alt="상세이미지-1" src="https://d2v80xjmx68n4w.cloudfront.net/gigs/ot3xH1724557828.png?w=715" width="715" loading="lazy"><img alt="상세이미지-2" src="https://d2v80xjmx68n4w.cloudfront.net/gigs/Ui5As1724557831.png?w=715" width="715" loading="lazy"></div>;b04dfe0c-1063-4dcc-bddf-63b76c154c20;https://d2v80xjmx68n4w.cloudfront.net/gigs/r8St01724487811.jpg
디자인과 출신 기획자의 PPT 인포그래픽 이력서;시각디자인과 & 경영학과 출신의 기획자. 디자인과 나온 마케터로, 이직의 Master!;<div class="css-0 e1y4fmav1"><img alt="상세이미지-0" src="https://d2v80xjmx68n4w.cloudfront.net/gigs/KR1Mj1650726859.png?w=715" width="715" loading="lazy" class="css-4l2ynl e1y4fmav2"><img alt="상세이미지-1" src="https://d2v80xjmx68n4w.cloudfront.net/gigs/wSRus1650726860.png?w=715" width="715" loading="lazy" class="css-4l2ynl e1y4fmav2"><img alt="상세이미지-2" src="https://d2v80xjmx68n4w.cloudfront.net/gigs/9v4Gy1650726860.png?w=715" width="715" loading="lazy" class="css-4l2ynl e1y4fmav2"><img alt="상세이미지-3" src="https://d2v80xjmx68n4w.cloudfront.net/gigs/WnhgJ1650726861.png?w=715" width="715" loading="lazy" class="css-4l2ynl e1y4fmav2"><img alt="상세이미지-4" src="https://d2v80xjmx68n4w.cloudfront.net/gigs/cPoVh1650726861.png?w=715" width="715" loading="lazy" class="css-4l2ynl e1y4fmav2"><img alt="상세이미지-5" src="https://d2v80xjmx68n4w.cloudfront.net/gigs/igGqU1650726861.png?w=715" width="715" loading="lazy" class="css-4l2ynl e1y4fmav2"><img alt="상세이미지-6" src="https://d2v80xjmx68n4w.cloudfront.net/gigs/yaQTy1650726862.png?w=715" width="715" loading="lazy" class="css-4l2ynl e1y4fmav2"><img alt="상세이미지-7" src="https://d2v80xjmx68n4w.cloudfront.net/gigs/ZS3Pg1650726862.png?w=715" width="715" loading="lazy" class="css-4l2ynl e1y4fmav2"><img alt="상세이미지-8" src="https://d2v80xjmx68n4w.cloudfront.net/gigs/9YijL1650726906.png?w=715" width="715" loading="lazy" class="css-4l2ynl e1y4fmav2"></div>;be60eaa2-f7e6-41c7-b92b-6481b2101c1d;https://d2v80xjmx68n4w.cloudfront.net/gigs/tcPqN1650726819.jpg
디자이너가 디자인 후 개발 이력서 가이드 전달드립니다.;현직 UX/UI 디자이너.UXP에서 차원이 다른 전문성으로 디자인 취업 멘토링을 해드리겠습니다.ea025bec-c18c-4176-8c31-39517b8bab3a;https://d2v80xjmx68n4w.cloudfront.net/gigs/ckmSt1697155464.jpg
깔끔한 디자인 이력서;안녕하세요. 한글싸인 전문 디자이너 입니다.;<div class="css-0 e1y4fmav1"><img alt="상세이미지-0" src="https://d2v80xjmx68n4w.cloudfront.net/gigs/adv9J1534377132.JPG?w=715" width="715" loading="lazy" class="css-4l2ynl e1y4fmav2"><img alt="상세이미지-1" src="https://d2v80xjmx68n4w.cloudfront.net/gigs/hMsM51534377140.JPG?w=715" width="715" loading="lazy" class="css-4l2ynl e1y4fmav2"><img alt="상세이미지-2" src="https://d2v80xjmx68n4w.cloudfront.net/gigs/ePQ821534377145.JPG?w=715" width="715" loading="lazy" class="css-4l2ynl e1y4fmav2"><img alt="상세이미지-3" src="https://d2v80xjmx68n4w.cloudfront.net/gigs/PrWZY1534377151.jpg?w=715" width="715" loading="lazy" class="css-4l2ynl e1y4fmav2"><img alt="상세이미지-4" src="https://d2v80xjmx68n4w.cloudfront.net/gigs/vDcCo1534377157.JPG?w=715" width="715" loading="lazy" class="css-4l2ynl e1y4fmav2"><img alt="상세이미지-5" src="https://d2v80xjmx68n4w.cloudfront.net/gigs/scjzM1534377164.JPG?w=715" width="715" loading="lazy" class="css-4l2ynl e1y4fmav2"><img alt="상세이미지-6" src="https://d2v80xjmx68n4w.cloudfront.net/gigs/alGHZ1534377171.JPG?w=715" width="715" loading="lazy" class="css-4l2ynl e1y4fmav2"><img alt="상세이미지-7" src="https://d2v80xjmx68n4w.cloudfront.net/gigs/zciId1534377178.jpg?w=715" width="715" loading="lazy" class="css-4l2ynl e1y4fmav2"><img alt="상세이미지-8" src="https://d2v80xjmx68n4w.cloudfront.net/gigs/nJVZI1534377189.jpg?w=715" width="715" loading="lazy" class="css-4l2ynl e1y4fmav2"></div>;18391545-3fa4-43c9-a54a-fc3aca023759;https://d2v80xjmx68n4w.cloudfront.net/gigs/mO5361534377119.jpg
대학 대학원 레포트, 과제, 자소서, 이력서 멘토링;대학원 대학교 과제, 정부과제 계획서, 기획서 작성, 논문 및 소논문 첨삭 멘토 해드립니다.;<div class="css-0 e1y4fmav1"><img alt="상세이미지-0" src="https://d2v80xjmx68n4w.cloudfront.net/gigs/0x9hc1710305982.jpeg?w=715" width="715" loading="lazy" class="css-4l2ynl e1y4fmav2"><img alt="상세이미지-1" src="https://d2v80xjmx68n4w.cloudfront.net/gigs/053g41713334971.png?w=715" width="715" loading="lazy" class="css-4l2ynl e1y4fmav2"><img alt="상세이미지-2" src="https://d2v80xjmx68n4w.cloudfront.net/gigs/iS1e71713335277.png?w=715" width="715" loading="lazy" class="css-4l2ynl e1y4fmav2"><img alt="상세이미지-3" src="https://d2v80xjmx68n4w.cloudfront.net/gigs/Y73bV1717729439.png?w=715" width="715" loading="lazy" class="css-4l2ynl e1y4fmav2"><img alt="상세이미지-4" src="https://d2v80xjmx68n4w.cloudfront.net/gigs/0KxJP1717730415.png?w=715" width="715" loading="lazy" class="css-4l2ynl e1y4fmav2"><img alt="상세이미지-5" src="https://d2v80xjmx68n4w.cloudfront.net/gigs/BclN31717730419.png?w=715" width="715" loading="lazy" class="css-4l2ynl e1y4fmav2"><img alt="상세이미지-6" src="https://d2v80xjmx68n4w.cloudfront.net/gigs/TjsBk1717730424.png?w=715" width="715" loading="lazy" class="css-4l2ynl e1y4fmav2"><img alt="상세이미지-7" src="https://d2v80xjmx68n4w.cloudfront.net/gigs/F8IRg1717730437.png?w=715" width="715" loading="lazy" class="css-4l2ynl e1y4fmav2"><img alt="상세이미지-8" src="https://d2v80xjmx68n4w.cloudfront.net/gigs/CJCa81717730467.png?w=715" width="715" loading="lazy" class="css-4l2ynl e1y4fmav2"></div>;9161d4f1-fa4f-4a6c-bf71-cf473831f9ab;https://d2v80xjmx68n4w.cloudfront.net/gigs/PWy3r1706449719.jpg
24시간 글쓰기 멘토 / 논문,과제,취업,자소서,기업;- 국민대학교 교수님 전공 및 교양 도서 출판 기획 - 작가 활동 : 본인 책 출판 외 프로젝트;<div class="css-0 e1y4fmav1"><img alt="상세이미지-0" src="https://d2v80xjmx68n4w.cloudfront.net/gigs/45IiD1725895582.png?w=715" width="715" loading="lazy" class="css-4l2ynl e1y4fmav2"><img alt="상세이미지-1" src="https://d2v80xjmx68n4w.cloudfront.net/gigs/b8d2K1725895587.png?w=715" width="715" loading="lazy" class="css-4l2ynl e1y4fmav2"><img alt="상세이미지-2" src="https://d2v80xjmx68n4w.cloudfront.net/gigs/Sv6RO1725895591.png?w=715" width="715" loading="lazy" class="css-4l2ynl e1y4fmav2"><img alt="상세이미지-3" src="https://d2v80xjmx68n4w.cloudfront.net/gigs/B7lK81725895594.png?w=715" width="715" loading="lazy" class="css-4l2ynl e1y4fmav2"><img alt="상세이미지-4" src="https://d2v80xjmx68n4w.cloudfront.net/gigs/wp8jK1725895599.png?w=715" width="715" loading="lazy" class="css-4l2ynl e1y4fmav2"></div>;ea025bec-c18c-4176-8c31-39517b8bab3a;https://d2v80xjmx68n4w.cloudfront.net/gigs/c6EzE1727851992.jpg
현지 스타일로 영문 이력서·커버레터 멘토링 도와 드립니다.;세상을 더 가깝게! 안녕하세요. 한국인과 외국인의 글로벌 온보딩을 돕는 문화·교육 서비스, 잇다(ITTA)입니다.;<div class="css-0 e1y4fmav1"><img alt="상세이미지-0" src="https://d2v80xjmx68n4w.cloudfront.net/gigs/ZcTtE1587525121.png?w=715" width="715" loading="lazy" class="css-4l2ynl e1y4fmav2"></div>;3ce01234-c1f4-4bbc-9be1-39ef7736cce4;https://d2v80xjmx68n4w.cloudfront.net/gigs/UdmBo1587525108.jpg
현직 헤드헌터가 알려주는 경력직 이력서자소서 작성법;커리어앤스카우트 14년차 헤드헌터 스텔라입니다. 경력직 이력서 자기소개서 작성 방법에 대해 강의를 하고 있습니다.;<div><img alt="상세이미지-0" src="https://d2v80xjmx68n4w.cloudfront.net/gigs/bHCzk1685506321.jpg?w=715" width="715" loading="lazy"><img alt="상세이미지-1" src="https://d2v80xjmx68n4w.cloudfront.net/gigs/vA8Tt1685506325.jpg?w=715" width="715" loading="lazy"></div>;9161d4f1-fa4f-4a6c-bf71-cf473831f9ab;https://d2v80xjmx68n4w.cloudfront.net/gigs/gfr5c1685506283.jpg
식품기업 연구직 취업 전문 도우미;안녕하세요. 식품기업 취업전문 도우미입니다. 국내 다수의 식품기업 서류 합격, 면접 경험 (최종합 3곳)이 있으며, 현직 식품기업 제품개발 연구원입니다. 특성화고, 경기도권 대학교 출신으로 별다른 스펙이 없는 제가 성공적인 취업을 할 수 있었던 노하우를 빠짐없이 전수해드립니다. 식품 연구원, 생산관리(QC/QA), 영양사 등 식품기업을 꿈꾸는 취준생분들의 취직 성공을 함께 돕겠습니다.;<div class="css-0 e1y4fmav1"><img alt="상세이미지-0" src="https://d2v80xjmx68n4w.cloudfront.net/gigs/22Ydv1694335280.JPG?w=715" width="715" loading="lazy" class="css-4l2ynl e1y4fmav2"><img alt="상세이미지-1" src="https://d2v80xjmx68n4w.cloudfront.net/gigs/vgaPY1694335280.JPG?w=715" width="715" loading="lazy" class="css-4l2ynl e1y4fmav2"><img alt="상세이미지-2" src="https://d2v80xjmx68n4w.cloudfront.net/gigs/0I5nn1694533419.jpg?w=715" width="715" loading="lazy" class="css-4l2ynl e1y4fmav2"><img alt="상세이미지-3" src="https://d2v80xjmx68n4w.cloudfront.net/gigs/vQ4uj1711634250.jpg?w=715" width="715" loading="lazy" class="css-4l2ynl e1y4fmav2"><img alt="상세이미지-4" src="https://d2v80xjmx68n4w.cloudfront.net/gigs/epJze1711634254.png?w=715" width="715" loading="lazy" class="css-4l2ynl e1y4fmav2"><img alt="상세이미지-5" src="https://d2v80xjmx68n4w.cloudfront.net/gigs/v99Zu1714906561.jpg?w=715" width="715" loading="lazy" class="css-4l2ynl e1y4fmav2"></div>;3ce01234-c1f4-4bbc-9be1-39ef7736cce4;https://d2v80xjmx68n4w.cloudfront.net/gigs/XhnrB1694334218.jpg
외국계 연구직 취업을 위한 영문이력서/커버레터 멘토링;여러분 모두가 일잘러가 될 수 있도록 도와드리겠습니다!;<div class="css-0 e1y4fmav1"><img alt="상세이미지-0" src="https://d2v80xjmx68n4w.cloudfront.net/gigs/ZGKbD1729178584.jpg?w=715" width="715" loading="lazy" class="css-4l2ynl e1y4fmav2"><img alt="상세이미지-1" src="https://d2v80xjmx68n4w.cloudfront.net/gigs/wkXMc1729178588.png?w=715" width="715" loading="lazy" class="css-4l2ynl e1y4fmav2"></div>;dcd5a8a6-6e08-42bd-be88-1dc6440a524a;https://d2v80xjmx68n4w.cloudfront.net/gigs/JXpEC1729091547.jpg
제약회사 CRO 취업 CRA,DM,통계,PV,BD 멘토링;제약/임상시험 전문가로서, 제약회사, 임상시험수탁기관(CRO) 취업을 돕고 있습니다. 현재까지 취업에 합격한 회사는 국내 대기업  (CJ제일제당, 삼성테스코, 녹십자), 외국계회사 다수 (Pfizer, Abbvie, Actelion by Johnson & Johnson, Bayer 등이 있습니다.) 가 있습니다.;<div class="css-0 e1y4fmav1"><img alt="상세이미지-0" src="https://d2v80xjmx68n4w.cloudfront.net/gigs/nvfAu1697520690.jpg?w=715" width="715" loading="lazy" class="css-4l2ynl e1y4fmav2"></div>;9161d4f1-fa4f-4a6c-bf71-cf473831f9ab;https://d2v80xjmx68n4w.cloudfront.net/gigs/glkvD1611414065.jpg
배터리 소재 연구직 취업;배터리 및 소재 회사 취업 준비하시는 분들께. 소재, 셀, 장비에 대한 현업 경험을 바탕으로 취업준비 성공에 가까워지도록 자기소개서-인적성-면접 준비를 도와드리겠습니다.;<div class="css-0 e1y4fmav1"><img alt="상세이미지-0" src="https://d2v80xjmx68n4w.cloudfront.net/gigs/UrlQA1717688547.png?w=715" width="715" loading="lazy" class="css-4l2ynl e1y4fmav2"></div>;37b07322-da8b-4f15-8c09-c1cc1ccb8b1b;https://d2v80xjmx68n4w.cloudfront.net/gigs/th8ea1717688541.jpg
깔끔하고 눈에 띄는 영문 이력서 양식 및 이력서 멘토링;안녕하세요, 100% 제 경험을 바탕으로 유익한 정보를 공유합니다.;<div class="css-0 e1y4fmav1"><img alt="상세이미지-0" src="https://d2v80xjmx68n4w.cloudfront.net/gigs/u5shX1687864471.PNG?w=715" width="715" loading="lazy" class="css-4l2ynl e1y4fmav2"><img alt="상세이미지-1" src="https://d2v80xjmx68n4w.cloudfront.net/gigs/y04n81687864474.PNG?w=715" width="715" loading="lazy" class="css-4l2ynl e1y4fmav2"></div>;37b07322-da8b-4f15-8c09-c1cc1ccb8b1b;https://d2v80xjmx68n4w.cloudfront.net/gigs/tpJh31687864463.jpg




